-- phpMyAdmin SQL Dump
-- version 4.8.0.1
-- https://www.phpmyadmin.net/
--
-- Host: localhost
-- Generation Time: May 08, 2018 at 11:29 AM
-- Server version: 5.6.37
-- PHP Version: 5.6.31

SET SQL_MODE = "NO_AUTO_VALUE_ON_ZERO";
SET AUTOCOMMIT = 0;
START TRANSACTION;
SET time_zone = "+00:00";


/*!40101 SET @OLD_CHARACTER_SET_CLIENT=@@CHARACTER_SET_CLIENT */;
/*!40101 SET @OLD_CHARACTER_SET_RESULTS=@@CHARACTER_SET_RESULTS */;
/*!40101 SET @OLD_COLLATION_CONNECTION=@@COLLATION_CONNECTION */;
/*!40101 SET NAMES utf8mb4 */;

--
-- Database: `training`
--

-- --------------------------------------------------------

--
-- Table structure for table `academic_degree`
--

CREATE TABLE `academic_degree` (
  `id_academic` bigint(20) UNSIGNED NOT NULL,
  `academicname` varchar(200) NOT NULL
) ENGINE=InnoDB DEFAULT CHARSET=utf8;

--
-- Dumping data for table `academic_degree`
--

INSERT INTO `academic_degree` (`id_academic`, `academicname`) VALUES
(0, '-'),
(1, 'Кандидат технических наук'),
(2, 'Кандидат педагогических наук'),
(3, 'Кандидат экономических наук'),
(4, 'Кандидат философских наук'),
(5, 'Кандидат сельскохозяйственных наук'),
(6, 'Кандидат физико-математических наук'),
(7, 'кандидат '),
(8, 'кандидат т');

-- --------------------------------------------------------

--
-- Table structure for table `academic_title`
--

CREATE TABLE `academic_title` (
  `id_academictitle` bigint(20) UNSIGNED NOT NULL,
  `academictitle` varchar(200) NOT NULL
) ENGINE=InnoDB DEFAULT CHARSET=utf8;

--
-- Dumping data for table `academic_title`
--

INSERT INTO `academic_title` (`id_academictitle`, `academictitle`) VALUES
(0, '-'),
(1, 'Доцент'),
(2, 'Профессор'),
(3, 'Член-корреспондент Академии наук');

-- --------------------------------------------------------

--
-- Table structure for table `category`
--

CREATE TABLE `category` (
  `id_category` bigint(20) UNSIGNED NOT NULL,
  `categoryname` varchar(200) NOT NULL
) ENGINE=InnoDB DEFAULT CHARSET=utf8;

--
-- Dumping data for table `category`
--

INSERT INTO `category` (`id_category`, `categoryname`) VALUES
(0, 'Без категории'),
(1, 'Первая'),
(2, 'Высшая');

-- --------------------------------------------------------

--
-- Table structure for table `certification`
--

CREATE TABLE `certification` (
  `id_certification` bigint(20) UNSIGNED NOT NULL,
  `certificationname` varchar(200) NOT NULL
) ENGINE=InnoDB DEFAULT CHARSET=utf8;

--
-- Dumping data for table `certification`
--

INSERT INTO `certification` (`id_certification`, `certificationname`) VALUES
(0, '-'),
(1, 'Аттестация на соответствие занимаемой должности'),
(2, 'Аттестация на соответствии квалификационной категории');

-- --------------------------------------------------------

--
-- Table structure for table `education`
--

CREATE TABLE `education` (
  `id_education` bigint(20) UNSIGNED NOT NULL,
  `educator_id` bigint(20) UNSIGNED NOT NULL,
  `level_id` bigint(20) UNSIGNED NOT NULL,
  `educ_organization` varchar(200) NOT NULL,
  `educ_specialty` varchar(200) NOT NULL,
  `qualification` varchar(200) NOT NULL,
  `year_end` year(4) NOT NULL
) ENGINE=InnoDB DEFAULT CHARSET=utf8;

--
-- Dumping data for table `education`
--

INSERT INTO `education` (`id_education`, `educator_id`, `level_id`, `educ_organization`, `educ_specialty`, `qualification`, `year_end`) VALUES
(1, 1, 2, 'ГОУ ВПО \"Магнитогорский горно-металлургический институт\"', 'по специальности \"Строительство\"', 'квалификация \"Инженер-преподаватель строительных дисциплин\", Почетный работник СПО', 1980),
(2, 199, 2, 'Магнитогорский государственный педагогический институт', 'Учитель математики и информатики', '', 1998),
(3, 179, 2, 'Ленинградский институт советской торговли им. Ф. Энгельса', 'Инженер-технолог; Технология и организация общественного питания', 'Почетный работник СПО', 1978);

-- --------------------------------------------------------

--
-- Table structure for table `educators`
--

CREATE TABLE `educators` (
  `id_educator` bigint(20) UNSIGNED NOT NULL,
  `Surname` varchar(50) NOT NULL,
  `Ename` varchar(50) NOT NULL,
  `Patronomic` varchar(50) NOT NULL,
  `birthday` date NOT NULL,
  `date_start_employment` date NOT NULL,
  `date_start_education_activ` date NOT NULL,
  `academic_id` bigint(20) UNSIGNED NOT NULL DEFAULT '0',
  `academictitle_id` bigint(20) UNSIGNED NOT NULL DEFAULT '0',
  `post_id1` bigint(20) UNSIGNED NOT NULL DEFAULT '0',
  `post_id2` bigint(20) UNSIGNED NOT NULL DEFAULT '0',
  `office_id` bigint(20) UNSIGNED NOT NULL DEFAULT '0',
  `pk_pck_id` bigint(20) UNSIGNED NOT NULL DEFAULT '0',
  `status` enum('работает','уволен','дикрет') NOT NULL DEFAULT 'работает'
) ENGINE=InnoDB DEFAULT CHARSET=utf8;

--
-- Dumping data for table `educators`
--

INSERT INTO `educators` (`id_educator`, `Surname`, `Ename`, `Patronomic`, `birthday`, `date_start_employment`, `date_start_education_activ`, `academic_id`, `academictitle_id`, `post_id1`, `post_id2`, `office_id`, `pk_pck_id`, `status`) VALUES
(1, 'Абдрахимов', 'Альберт', 'Алмазович', '1975-01-01', '1990-01-01', '1998-01-02', 0, 0, 1, 0, 0, 0, 'работает'),
(2, 'Абзалова', 'Наталья', 'Васильевна', '1920-01-01', '2000-01-01', '2000-01-02', 0, 0, 1, 0, 0, 0, 'уволен'),
(3, 'Абросимова', 'Эльвира', 'Эйновна', '1920-01-01', '2000-01-01', '2000-01-02', 0, 0, 1, 0, 0, 0, 'работает'),
(4, 'Авдюшина', 'Ирина', 'Владимировна', '1920-01-01', '2000-01-01', '2000-01-02', 0, 0, 1, 0, 0, 0, 'уволен'),
(5, 'Аверченко', 'Мария', 'Владимировна', '1920-01-01', '2000-01-01', '2000-01-02', 0, 0, 1, 0, 0, 0, 'работает'),
(6, 'Аверьянова', 'Галина', 'Александровна', '1920-01-01', '2000-01-01', '2000-01-02', 0, 0, 2, 0, 0, 0, 'работает'),
(7, 'Агутин', 'Владимир', 'Михайлович', '1920-01-01', '2000-01-01', '2000-01-02', 0, 0, 1, 0, 0, 0, 'работает'),
(8, 'Алданцева', 'Юлия', 'Павловна', '1920-01-01', '2000-01-01', '2000-01-02', 0, 0, 2, 0, 0, 0, 'работает'),
(9, 'Алдошкина', 'Людмила', 'Николаевна', '1920-01-01', '2000-01-01', '2000-01-02', 0, 0, 1, 0, 0, 0, 'работает'),
(10, 'Александров', 'Алексей', 'Анатольевич', '1920-01-01', '2000-01-01', '2000-01-02', 0, 0, 1, 0, 0, 0, 'работает'),
(11, 'Алексеева', 'Венера', 'Витальевна', '1920-01-01', '2000-01-01', '2000-01-02', 0, 0, 1, 0, 0, 0, 'работает'),
(12, 'Андреева', 'Надежда', 'Алексеевна', '1920-01-01', '2000-01-01', '2000-01-02', 0, 0, 2, 0, 0, 0, 'работает'),
(13, 'Антипова', 'Таисья', 'Михайловна', '1920-01-01', '2000-01-01', '2000-01-02', 0, 0, 1, 0, 0, 0, 'работает'),
(14, 'Антропова', 'Наталья', 'Владимировна', '1920-01-01', '2000-01-01', '2000-01-02', 0, 0, 1, 0, 0, 0, 'работает'),
(15, 'Ариткина', 'Наталья', 'Кузьминична', '1920-01-01', '2000-01-01', '2000-01-02', 0, 0, 1, 0, 0, 0, 'работает'),
(16, 'Астахина', 'Марина', 'Михайловна', '1920-01-01', '2000-01-01', '2000-01-02', 0, 0, 1, 0, 0, 0, 'работает'),
(17, 'Базарова', 'Дания', 'Габдулловна', '1920-01-01', '2000-01-01', '2000-01-02', 0, 0, 10, 0, 0, 0, 'работает'),
(18, 'Балашова', 'Ирина', 'Анатольевна', '1920-01-01', '2000-01-01', '2000-01-02', 0, 0, 1, 0, 0, 0, 'работает'),
(19, 'Бахтова', 'Наталья', 'Степановна', '1920-01-01', '2000-01-01', '2000-01-02', 0, 0, 1, 0, 0, 0, 'работает'),
(20, 'Березина', 'Елена', 'Евгеньевна', '1920-01-01', '2000-01-01', '2000-01-02', 0, 0, 1, 0, 0, 0, 'работает'),
(21, 'Бирюкова', 'Юлия', 'Юрьевна', '1920-01-01', '2000-01-01', '2000-01-02', 0, 0, 1, 0, 0, 0, 'работает'),
(22, 'Боков', 'Михаил', 'Иванович', '1920-01-01', '2000-01-01', '2000-01-02', 0, 0, 1, 0, 0, 0, 'уволен'),
(23, 'Бондаренко', 'Ирина', 'Александровна', '1920-01-01', '2000-01-01', '2000-01-02', 0, 0, 1, 0, 0, 0, 'работает'),
(24, 'Боровских', 'Ирина', 'Юрьевна', '1920-01-01', '2000-01-01', '2000-01-02', 0, 0, 1, 0, 0, 0, 'работает'),
(25, 'Булыгина', 'Наталья', 'Васильевна', '1920-01-01', '2000-01-01', '2000-01-02', 0, 0, 1, 0, 0, 0, 'уволен'),
(26, 'Буркарт', 'Марина', 'Михайловна', '1920-01-01', '2000-01-01', '2000-01-02', 0, 0, 1, 0, 0, 0, 'работает'),
(27, 'Варакина', 'Галина', 'Анатольевна', '1920-01-01', '2000-01-01', '2000-01-02', 0, 0, 1, 0, 0, 0, 'работает'),
(28, 'Васильева', 'Елена', 'Александровна', '1920-01-01', '2000-01-01', '2000-01-02', 0, 0, 1, 0, 0, 0, 'работает'),
(29, 'Васильева', 'Марина', 'Николаевна', '1920-01-01', '2000-01-01', '2000-01-02', 0, 0, 1, 0, 0, 0, 'работает'),
(30, 'Василькова', 'Любовь', 'Алексеевна', '1920-01-01', '2000-01-01', '2000-01-02', 0, 0, 1, 0, 0, 0, 'работает'),
(31, 'Ветюгов', 'Евгений', 'Юрьевич', '1920-01-01', '2000-01-01', '2000-01-02', 0, 0, 1, 0, 0, 0, 'работает'),
(32, 'Вильгаук', 'Ольга', 'Анатольевна', '1920-01-01', '2000-01-01', '2000-01-02', 0, 0, 1, 0, 0, 0, 'работает'),
(33, 'Виноходова', 'Светлана', 'Петровна', '1920-01-01', '2000-01-01', '2000-01-02', 0, 0, 1, 0, 0, 0, 'работает'),
(34, 'Волков', 'Анатолий', 'Анатольевич', '1920-01-01', '2000-01-01', '2000-01-02', 0, 0, 8, 0, 0, 0, 'работает'),
(35, 'Воробьев', 'Сергей', 'Борисович', '1920-01-01', '2000-01-01', '2000-01-02', 0, 0, 1, 0, 0, 0, 'работает'),
(36, 'Вульфрет', 'Надежда', 'Евгеньевна', '1920-01-01', '2000-01-01', '2000-01-02', 0, 0, 9, 0, 0, 0, 'работает'),
(37, 'Габидуллина', 'Светлана', 'Каюмовна', '1920-01-01', '2000-01-01', '2000-01-02', 0, 0, 1, 0, 0, 0, 'работает'),
(38, 'Гаврилова', 'Валентина', 'Григорьевна', '1920-01-01', '2000-01-01', '2000-01-02', 0, 0, 1, 0, 0, 0, 'работает'),
(39, 'Гайворонская', 'Марина', 'Валентиновна', '1920-01-01', '2000-01-01', '2000-01-02', 0, 0, 1, 0, 0, 0, 'работает'),
(40, 'Гайсина', 'Мадина', 'Тахировна', '1920-01-01', '2000-01-01', '2000-01-02', 0, 0, 1, 0, 0, 0, 'работает'),
(41, 'Галимзянова', 'Галина', 'Анатольевна', '1920-01-01', '2000-01-01', '2000-01-02', 0, 0, 2, 0, 0, 0, 'работает'),
(42, 'Гизатуллина', 'Светлана', 'Васильевна', '1920-01-01', '2000-01-01', '2000-01-02', 0, 0, 1, 0, 0, 0, 'работает'),
(43, 'Гильмияров', 'Михаил', 'Нарисламович', '1920-01-01', '2000-01-01', '2000-01-02', 0, 0, 1, 0, 0, 0, 'работает'),
(44, 'Гладких', 'Елена', 'Алексеевна', '1920-01-01', '2000-01-01', '2000-01-02', 0, 0, 1, 0, 0, 0, 'работает'),
(45, 'Глушко', 'Елена', 'Викторовна', '1920-01-01', '2000-01-01', '2000-01-02', 0, 0, 1, 0, 0, 0, 'работает'),
(46, 'Гнеушев', 'Юрий', 'Александрович', '1920-01-01', '2000-01-01', '2000-01-02', 0, 0, 2, 0, 0, 0, 'работает'),
(47, 'Голуб', 'Анна', 'Николаевна', '1920-01-01', '2000-01-01', '2000-01-02', 0, 0, 1, 0, 0, 0, 'уволен'),
(48, 'Гондаренко', 'Светлана', 'Юрьевна', '1920-01-01', '2000-01-01', '2000-01-02', 0, 0, 1, 0, 0, 0, 'работает'),
(49, 'Грипкова', 'Галина', 'Игоревна', '1920-01-01', '2000-01-01', '2000-01-02', 0, 0, 1, 0, 0, 0, 'работает'),
(50, 'Губчевская', 'Елена', 'Александровна', '1920-01-01', '2000-01-01', '2000-01-02', 0, 0, 1, 0, 0, 0, 'работает'),
(51, 'Гуркин', 'Игорь', 'Михайлович', '1920-01-01', '2000-01-01', '2000-01-02', 0, 0, 1, 0, 0, 0, 'работает'),
(52, 'Гусева', 'Людмила', 'Сергеевна', '1920-01-01', '2000-01-01', '2000-01-02', 0, 0, 1, 0, 0, 0, 'работает'),
(53, 'Давыдова', 'Ирина', 'Витальевна', '1920-01-01', '2000-01-01', '2000-01-02', 0, 0, 1, 0, 0, 0, 'работает'),
(54, 'Данилова', 'Татьяна', 'Анатольевна', '1920-01-01', '2000-01-01', '2000-01-02', 0, 0, 1, 0, 0, 0, 'уволен'),
(55, 'Дегтяренко', 'Нелли', 'Гадыняновна', '1920-01-01', '2000-01-01', '2000-01-02', 0, 0, 1, 0, 0, 0, 'работает'),
(56, 'Демина', 'Оксана', 'Александровна', '1920-01-01', '2000-01-01', '2000-01-02', 0, 0, 1, 0, 0, 0, 'работает'),
(57, 'Деревицкая', 'Анна', 'Владимировна', '1920-01-01', '2000-01-01', '2000-01-02', 0, 0, 1, 0, 0, 0, 'работает'),
(58, 'Дмитриева', 'Марина', 'Алексеевна', '1920-01-01', '2000-01-01', '2000-01-02', 0, 0, 1, 0, 0, 0, 'работает'),
(59, 'Домаева', 'Наталья', 'Валентиновна', '1920-01-01', '2000-01-01', '2000-01-02', 0, 0, 1, 0, 0, 0, 'работает'),
(60, 'Дорохина', 'Юлия', 'Юрьевна', '1920-01-01', '2000-01-01', '2000-01-02', 0, 0, 1, 0, 0, 0, 'работает'),
(61, 'Дубровская', 'Елена', 'Юрьевна', '1920-01-01', '2000-01-01', '2000-01-02', 0, 0, 1, 0, 0, 0, 'работает'),
(62, 'Дутт', 'Людмила', 'Эмильевна', '1920-01-01', '2000-01-01', '2000-01-02', 0, 0, 1, 0, 0, 0, 'работает'),
(63, 'Дьячковская', 'Надежда', 'Михайловна', '1920-01-01', '2000-01-01', '2000-01-02', 0, 0, 1, 0, 0, 0, 'работает'),
(64, 'Дятел', 'Ольга', 'Владимировна', '1920-01-01', '2000-01-01', '2000-01-02', 0, 0, 1, 0, 0, 0, 'работает'),
(65, 'Евсеенко', 'Василя', 'Гильнегаяновна', '1920-01-01', '2000-01-01', '2000-01-02', 0, 0, 1, 0, 0, 0, 'работает'),
(66, 'Елфимова', 'Олеся', 'Сергеевна', '1920-01-01', '2000-01-01', '2000-01-02', 0, 0, 1, 0, 0, 0, 'работает'),
(67, 'Епифанова', 'Юлиана', 'Александровна', '1920-01-01', '2000-01-01', '2000-01-02', 0, 0, 1, 0, 0, 0, 'работает'),
(68, 'Ермолаева', 'Олеся', 'Ивановна', '1920-01-01', '2000-01-01', '2000-01-02', 0, 0, 1, 0, 0, 0, 'работает'),
(69, 'Ершова', 'Лидия', 'Ивановна', '1920-01-01', '2000-01-01', '2000-01-02', 0, 0, 2, 0, 0, 0, 'работает'),
(70, 'Ефремова', 'Ирина', 'Васильевна', '1920-01-01', '2000-01-01', '2000-01-02', 0, 0, 2, 0, 0, 0, 'работает'),
(71, 'Жигарева', 'Эльвира', 'Раисовна', '1920-01-01', '2000-01-01', '2000-01-02', 0, 0, 1, 0, 0, 0, 'работает'),
(72, 'Жмур', 'Анатолий', 'Юрьевич', '1920-01-01', '2000-01-01', '2000-01-02', 0, 0, 2, 0, 0, 0, 'работает'),
(73, 'Загора', 'Олег', 'Николаевич', '1920-01-01', '2000-01-01', '2000-01-02', 0, 0, 3, 0, 0, 0, 'работает'),
(74, 'Заиченко', 'Юлия', 'Николаевна', '1920-01-01', '2000-01-01', '2000-01-02', 0, 0, 1, 0, 0, 0, 'работает'),
(75, 'Зайцева', 'Елена', 'Николаевна', '1920-01-01', '2000-01-01', '2000-01-02', 0, 0, 1, 0, 0, 0, 'работает'),
(76, 'Закирова', 'Лилия', 'Анатольевна', '1920-01-01', '2000-01-01', '2000-01-02', 0, 0, 3, 0, 0, 0, 'работает'),
(77, 'Зеленкина', 'Марина', 'Александровна', '1920-01-01', '2000-01-01', '2000-01-02', 0, 0, 1, 0, 0, 0, 'работает'),
(78, 'Зорина', 'Ирина', 'Геннадьевна', '1920-01-01', '2000-01-01', '2000-01-02', 0, 0, 1, 0, 0, 0, 'работает'),
(79, 'Иванова', 'Наталья', 'Владимировна', '1920-01-01', '2000-01-01', '2000-01-02', 0, 0, 1, 0, 0, 0, 'работает'),
(80, 'Иванова', 'Татьяна', 'Петровна', '1920-01-01', '2000-01-01', '2000-01-02', 0, 0, 2, 0, 0, 0, 'работает'),
(81, 'Иванченко', 'Анна', 'Петровна', '1920-01-01', '2000-01-01', '2000-01-02', 0, 0, 1, 0, 0, 0, 'работает'),
(82, 'Ихсанова', 'Гузель', 'Иштугановна', '1920-01-01', '2000-01-01', '2000-01-02', 0, 0, 1, 0, 0, 0, 'работает'),
(83, 'Камчатная', 'Наталья', 'Анатольевна', '1920-01-01', '2000-01-01', '2000-01-02', 0, 0, 1, 0, 0, 0, 'работает'),
(84, 'Караулова', 'Марина', 'Петровна', '1920-01-01', '2000-01-01', '2000-01-02', 0, 0, 1, 0, 0, 0, 'работает'),
(85, 'Карпенко', 'Наталья', 'Васильевна', '1920-01-01', '2000-01-01', '2000-01-02', 0, 0, 1, 0, 0, 0, 'работает'),
(86, 'Карташова', 'Галина', 'Владимировна', '1920-01-01', '2000-01-01', '2000-01-02', 0, 0, 1, 0, 0, 0, 'работает'),
(87, 'Кашина', 'Наталья', 'Владимировна', '1920-01-01', '2000-01-01', '2000-01-02', 0, 0, 1, 0, 0, 0, 'работает'),
(88, 'Кашина', 'Марина', 'Владимировна', '1920-01-01', '2000-01-01', '2000-01-02', 0, 0, 1, 0, 0, 0, 'работает'),
(89, 'Киреева', 'Елена', 'Александровна', '1920-01-01', '2000-01-01', '2000-01-02', 0, 0, 1, 0, 0, 0, 'работает'),
(90, 'Кириллова', 'Татьяна', 'Дмитриевна', '1920-01-01', '2000-01-01', '2000-01-02', 0, 0, 1, 0, 0, 0, 'работает'),
(91, 'Киркач', 'Вера', 'Александровна', '1920-01-01', '2000-01-01', '2000-01-02', 0, 0, 1, 0, 0, 0, 'работает'),
(92, 'Клементьева', 'Ирина', 'Юрьевна', '1920-01-01', '2000-01-01', '2000-01-02', 0, 0, 1, 0, 0, 0, 'работает'),
(93, 'Климова', 'Татьяна', 'Александровна', '1920-01-01', '2000-01-01', '2000-01-02', 0, 0, 4, 0, 0, 0, 'работает'),
(94, 'Кожевникова', 'Светлана', 'Викторовна', '1920-01-01', '2000-01-01', '2000-01-02', 0, 0, 3, 0, 0, 0, 'работает'),
(95, 'Козак', 'Валентина', 'Владимировна', '1920-01-01', '2000-01-01', '2000-01-02', 0, 0, 1, 0, 0, 0, 'работает'),
(96, 'Козловская', 'Евгения', 'Алексеевна', '1920-01-01', '2000-01-01', '2000-01-02', 0, 0, 2, 0, 0, 0, 'работает'),
(97, 'Колдомасова', 'Людмила', 'Семёновна', '1920-01-01', '2000-01-01', '2000-01-02', 0, 0, 1, 0, 0, 0, 'уволен'),
(98, 'Колесникова', 'Наталья', 'Николаевна', '1920-01-01', '2000-01-01', '2000-01-02', 0, 0, 1, 0, 0, 0, 'работает'),
(99, 'Колузаева', 'Ирина', 'Петровна', '1920-01-01', '2000-01-01', '2000-01-02', 0, 0, 2, 0, 0, 0, 'работает'),
(100, 'Коновалова', 'Наиля', 'Гумаровна', '1920-01-01', '2000-01-01', '2000-01-02', 0, 0, 1, 0, 0, 0, 'работает'),
(101, 'Кораблева', 'Татьяна', 'Николаевна', '1920-01-01', '2000-01-01', '2000-01-02', 0, 0, 10, 0, 0, 0, 'работает'),
(102, 'Корнеева', 'Наталья', 'Витальевна', '1920-01-01', '2000-01-01', '2000-01-02', 0, 0, 1, 0, 0, 0, 'работает'),
(103, 'Коровкина', 'Гульнара', 'Маратовна', '1920-01-01', '2000-01-01', '2000-01-02', 0, 0, 3, 0, 0, 0, 'работает'),
(104, 'Коровченко', 'Ольга', 'Викторовна', '1920-01-01', '2000-01-01', '2000-01-02', 0, 0, 1, 0, 0, 0, 'работает'),
(105, 'Корчагина', 'Марина', 'Николаевна', '1920-01-01', '2000-01-01', '2000-01-02', 0, 0, 1, 0, 0, 0, 'работает'),
(106, 'Корытникова', 'Елена', 'Станиславовна', '1920-01-01', '2000-01-01', '2000-01-02', 0, 0, 1, 0, 0, 0, 'работает'),
(107, 'Костина', 'Диля', 'Фатхитдиновна', '1920-01-01', '2000-01-01', '2000-01-02', 0, 0, 1, 0, 0, 0, 'работает'),
(108, 'Котельникова', 'Юлия', 'Михайловна', '1920-01-01', '2000-01-01', '2000-01-02', 0, 0, 1, 0, 0, 0, 'работает'),
(109, 'Котукова', 'Елена', 'Юрьевна', '1920-01-01', '2000-01-01', '2000-01-02', 0, 0, 4, 0, 0, 0, 'работает'),
(110, 'Кощевец', 'Валерий', 'Васильевич', '1920-01-01', '2000-01-01', '2000-01-02', 0, 0, 1, 0, 0, 0, 'работает'),
(111, 'Крашенинникова', 'Ирина', 'Альбертовна', '1920-01-01', '2000-01-01', '2000-01-02', 0, 0, 1, 0, 0, 0, 'работает'),
(112, 'Криворучко', 'Наталья', 'Александровна', '1920-01-01', '2000-01-01', '2000-01-02', 0, 0, 1, 0, 0, 0, 'работает'),
(113, 'Крылова', 'Надежда', 'Михайловна', '1920-01-01', '2000-01-01', '2000-01-02', 0, 0, 1, 0, 0, 0, 'работает'),
(114, 'Кужин', 'Роман', 'Мансурович', '1920-01-01', '2000-01-01', '2000-01-02', 0, 0, 2, 0, 0, 0, 'работает'),
(115, 'Кузнецова', 'Лариса', 'Владимировна', '1920-01-01', '2000-01-01', '2000-01-02', 0, 0, 1, 0, 0, 0, 'уволен'),
(116, 'Кузовлева', 'Наталья', 'Николаевна', '1920-01-01', '2000-01-01', '2000-01-02', 0, 0, 1, 0, 0, 0, 'работает'),
(117, 'Кузьмичева', 'Евгения', 'Жановна', '1920-01-01', '2000-01-01', '2000-01-02', 0, 0, 11, 0, 0, 0, 'работает'),
(118, 'Курлянова', 'Наталья', 'Васильевна', '1920-01-01', '2000-01-01', '2000-01-02', 0, 0, 4, 0, 0, 0, 'работает'),
(119, 'Курочкина', 'Ольга', 'Дуйсембаевна', '1920-01-01', '2000-01-01', '2000-01-02', 0, 0, 1, 0, 0, 0, 'уволен'),
(120, 'Кучерова', 'Наталья', 'Викторовна', '1920-01-01', '2000-01-01', '2000-01-02', 0, 0, 1, 0, 0, 0, 'работает'),
(121, 'Кушнир', 'Ольга', 'Николаевна', '1920-01-01', '2000-01-01', '2000-01-02', 0, 0, 1, 0, 0, 0, 'работает'),
(122, 'Кяккинен', 'Нина', 'Ивановна', '1920-01-01', '2000-01-01', '2000-01-02', 0, 0, 5, 0, 0, 0, 'работает'),
(123, 'Леонова', 'Ирина', 'Владимировна', '1920-01-01', '2000-01-01', '2000-01-02', 0, 0, 1, 0, 0, 0, 'работает'),
(124, 'Лешукова', 'Наталья', 'Петровна', '1920-01-01', '2000-01-01', '2000-01-02', 0, 0, 7, 0, 0, 0, 'уволен'),
(125, 'Луговнина', 'Елена', 'Николаевна', '1920-01-01', '2000-01-01', '2000-01-02', 0, 0, 1, 0, 0, 0, 'работает'),
(126, 'Маликова', 'Марина', 'Николаевна', '1920-01-01', '2000-01-01', '2000-01-02', 0, 0, 1, 0, 0, 0, 'работает'),
(127, 'Мансурова', 'Альбина', 'Ишмухаметовна', '1920-01-01', '2000-01-01', '2000-01-02', 0, 0, 1, 0, 0, 0, 'работает'),
(128, 'Маняхина', 'Рамзия', 'Накиповна', '1920-01-01', '2000-01-01', '2000-01-02', 0, 0, 4, 0, 0, 0, 'работает'),
(129, 'Медведева', 'Ольга', 'Юрьевна', '1920-01-01', '2000-01-01', '2000-01-02', 0, 0, 2, 0, 0, 0, 'работает'),
(130, 'Менакова', 'Татьяна', 'Михайловна', '1920-01-01', '2000-01-01', '2000-01-02', 0, 0, 1, 0, 0, 0, 'работает'),
(131, 'Меншикова', 'Евгения', 'Владимировна', '1920-01-01', '2000-01-01', '2000-01-02', 0, 0, 1, 0, 0, 0, 'работает'),
(132, 'Меняшева', 'Светлана', 'Борисовна', '1920-01-01', '2000-01-01', '2000-01-02', 0, 0, 1, 0, 0, 0, 'работает'),
(133, 'Меркулова', 'Светлана', 'Владимировна', '1920-01-01', '2000-01-01', '2000-01-02', 0, 0, 4, 0, 0, 0, 'работает'),
(134, 'Мингазова', 'Гэлсина', 'Шамиловна', '1920-01-01', '2000-01-01', '2000-01-02', 0, 0, 1, 0, 0, 0, 'работает'),
(135, 'Миронова', 'Оксана', 'Александровна', '1920-01-01', '2000-01-01', '2000-01-02', 0, 0, 1, 0, 0, 0, 'работает'),
(136, 'Миронова', 'Елена', 'Сергеевна', '1920-01-01', '2000-01-01', '2000-01-02', 0, 0, 1, 0, 0, 0, 'работает'),
(137, 'Михайлова', 'Екатерина', 'Аркадьевна', '1920-01-01', '2000-01-01', '2000-01-02', 0, 0, 1, 0, 0, 0, 'работает'),
(138, 'Могильницкая', 'Татьяна', 'Александровна', '1920-01-01', '2000-01-01', '2000-01-02', 0, 0, 1, 0, 0, 0, 'работает'),
(139, 'Мордина', 'Евгения', 'Михайловна', '1920-01-01', '2000-01-01', '2000-01-02', 0, 0, 4, 0, 0, 0, 'работает'),
(140, 'Моренко', 'Татьяна', 'Владимировна', '1920-01-01', '2000-01-01', '2000-01-02', 0, 0, 1, 0, 0, 0, 'работает'),
(141, 'Мусина', 'Надежда', 'Александровна', '1920-01-01', '2000-01-01', '2000-01-02', 0, 0, 1, 0, 0, 0, 'работает'),
(142, 'Науменко', 'Оксана', 'Петровна', '1920-01-01', '2000-01-01', '2000-01-02', 0, 0, 3, 0, 0, 0, 'работает'),
(143, 'Николаев', 'Сергей', 'Владимирович', '1920-01-01', '2000-01-01', '2000-01-02', 0, 0, 9, 0, 0, 0, 'работает'),
(144, 'Никонорова', 'Лариса', 'Александровна', '1920-01-01', '2000-01-01', '2000-01-02', 0, 0, 1, 0, 0, 0, 'работает'),
(145, 'Никулина', 'Ирина', 'Леонидовна', '1920-01-01', '2000-01-01', '2000-01-02', 0, 0, 14, 0, 0, 0, 'работает'),
(146, 'Новоселова', 'Любовь', 'Николаевна', '1920-01-01', '2000-01-01', '2000-01-02', 0, 0, 15, 0, 0, 0, 'уволен'),
(147, 'Нояксов', 'Владимир', 'Александрович', '1920-01-01', '2000-01-01', '2000-01-02', 0, 0, 1, 0, 0, 0, 'работает'),
(148, 'Обухова', 'Любовь', 'Александровна', '1920-01-01', '2000-01-01', '2000-01-02', 0, 0, 2, 0, 0, 0, 'работает'),
(149, 'Овсянников', 'Игорь', 'Васильевич', '1920-01-01', '2000-01-01', '2000-01-02', 0, 0, 2, 0, 0, 0, 'работает'),
(150, 'Овсянникова', 'Ольга', 'Михайловна', '1920-01-01', '2000-01-01', '2000-01-02', 0, 0, 1, 0, 0, 0, 'работает'),
(151, 'Оренбуркина', 'Маргарита', 'Владимировна', '1920-01-01', '2000-01-01', '2000-01-02', 0, 0, 1, 0, 0, 0, 'работает'),
(152, 'Осолодкова', 'Татьяна', 'Борисовна', '1920-01-01', '2000-01-01', '2000-01-02', 0, 0, 1, 0, 0, 0, 'работает'),
(153, 'Павловская', 'Юлия', 'Викторовна', '1920-01-01', '2000-01-01', '2000-01-02', 0, 0, 1, 0, 0, 0, 'работает'),
(154, 'Панкевич', 'Ольга', 'Александровна', '1920-01-01', '2000-01-01', '2000-01-02', 0, 0, 1, 0, 0, 0, 'работает'),
(155, 'Панкеева', 'Любовь', 'Ивановна', '1920-01-01', '2000-01-01', '2000-01-02', 0, 0, 1, 0, 0, 0, 'работает'),
(156, 'Панова', 'Екатерина', 'Александровна', '1920-01-01', '2000-01-01', '2000-01-02', 0, 0, 2, 0, 0, 0, 'работает'),
(157, 'Перевалова', 'Ольга', 'Алексеевна', '1920-01-01', '2000-01-01', '2000-01-02', 0, 0, 1, 0, 0, 0, 'работает'),
(158, 'Пестрякова', 'Марина', 'Юрьевна', '1920-01-01', '2000-01-01', '2000-01-02', 0, 0, 1, 0, 0, 0, 'работает'),
(159, 'Петрова', 'Антонина', 'Николаевна', '1920-01-01', '2000-01-01', '2000-01-02', 0, 0, 1, 0, 0, 0, 'работает'),
(160, 'Петрова', 'Ольга', 'Ивановна', '1920-01-01', '2000-01-01', '2000-01-02', 0, 0, 1, 0, 0, 0, 'работает'),
(161, 'Петровская', 'Наталья', 'Александровна', '1920-01-01', '2000-01-01', '2000-01-02', 0, 0, 1, 0, 0, 0, 'работает'),
(162, 'Посуховская', 'Лариса', 'Валентиновна', '1920-01-01', '2000-01-01', '2000-01-02', 0, 0, 1, 0, 0, 0, 'работает'),
(163, 'Пряхина', 'Марина', 'Васильевна', '1920-01-01', '2000-01-01', '2000-01-02', 0, 0, 1, 0, 0, 0, 'работает'),
(164, 'Путилина', 'Марина', 'Анатольевна', '1920-01-01', '2000-01-01', '2000-01-02', 0, 0, 1, 0, 0, 0, 'работает'),
(165, 'Разуваева', 'Валентина', 'Николаевна', '1920-01-01', '2000-01-01', '2000-01-02', 0, 0, 1, 0, 0, 0, 'уволен'),
(166, 'Решетова', 'Ирина', 'Валерьевна', '1920-01-01', '2000-01-01', '2000-01-02', 0, 0, 1, 0, 0, 0, 'работает'),
(167, 'Риве', 'Юлия', 'Анатольевна', '1920-01-01', '2000-01-01', '2000-01-02', 0, 0, 1, 0, 0, 0, 'работает'),
(168, 'Рыбаков', 'Николай', 'Викторович', '1920-01-01', '2000-01-01', '2000-01-02', 0, 0, 1, 0, 0, 0, 'работает'),
(169, 'Рылова', 'Елена', 'Ревгатевна', '1920-01-01', '2000-01-01', '2000-01-02', 0, 0, 2, 0, 0, 0, 'работает'),
(170, 'Савинкова', 'Валентина', 'Павловна', '1920-01-01', '2000-01-01', '2000-01-02', 0, 0, 1, 0, 0, 0, 'работает'),
(171, 'Садчикова', 'Юлия', 'Николаевна', '1920-01-01', '2000-01-01', '2000-01-02', 0, 0, 1, 0, 0, 0, 'работает'),
(172, 'Сальникова', 'Марина', 'Велловна', '1920-01-01', '2000-01-01', '2000-01-02', 0, 0, 1, 0, 0, 0, 'работает'),
(173, 'Самарина', 'Вера', 'Яковлевна', '1920-01-01', '2000-01-01', '2000-01-02', 0, 0, 1, 0, 0, 0, 'работает'),
(174, 'Сапожникова', 'Светлана', 'Михайловна', '1920-01-01', '2000-01-01', '2000-01-02', 0, 0, 1, 0, 0, 0, 'работает'),
(175, 'Саулина', 'Юлия', 'Павловна', '1920-01-01', '2000-01-01', '2000-01-02', 0, 0, 1, 0, 0, 0, 'работает'),
(176, 'Селезнева', 'Светлана', 'Николаевна', '1920-01-01', '2000-01-01', '2000-01-02', 0, 0, 3, 0, 0, 0, 'работает'),
(177, 'Семенова', 'Ольга', 'Анатольевна', '1920-01-01', '2000-01-01', '2000-01-02', 0, 0, 1, 0, 0, 0, 'работает'),
(178, 'Семьянова', 'Евгения', 'Сергеевна', '1920-01-01', '2000-01-01', '2000-01-02', 0, 0, 1, 0, 0, 0, 'работает'),
(179, 'Серова', 'Ирина', 'Валентиновна', '1920-01-01', '2000-01-01', '2000-01-02', 0, 0, 1, 0, 0, 0, 'работает'),
(180, 'Сивилькаева', 'Юлия', 'Федоровна', '1920-01-01', '2000-01-01', '2000-01-02', 0, 0, 1, 0, 0, 0, 'работает'),
(181, 'Сидорова', 'Наталья', 'Викторовна', '1920-01-01', '2000-01-01', '2000-01-02', 0, 0, 7, 0, 0, 0, 'работает'),
(182, 'Сизоненко', 'Людмила', 'Николаевна', '1920-01-01', '2000-01-01', '2000-01-02', 0, 0, 1, 0, 0, 0, 'уволен'),
(183, 'Ситдикова', 'Минзада', 'Рахимзановна', '1920-01-01', '2000-01-01', '2000-01-02', 0, 0, 1, 0, 0, 0, 'работает'),
(184, 'Смирнова', 'Татьяна', 'Викторовна', '1920-01-01', '2000-01-01', '2000-01-02', 0, 0, 1, 0, 0, 0, 'работает'),
(185, 'Старикова', 'Алевтина', 'Викторовна', '1920-01-01', '2000-01-01', '2000-01-02', 0, 0, 1, 0, 0, 0, 'уволен'),
(186, 'Старокожева', 'Елена', 'Анатольевна', '1920-01-01', '2000-01-01', '2000-01-02', 0, 0, 1, 0, 0, 0, 'работает'),
(187, 'Тарасова', 'Ольга', 'Александровна', '1920-01-01', '2000-01-01', '2000-01-02', 0, 0, 1, 0, 0, 0, 'работает'),
(188, 'Трегубова', 'Елена', 'Дмитриевна', '1920-01-01', '2000-01-01', '2000-01-02', 0, 0, 16, 0, 0, 0, 'работает'),
(189, 'Третьякова', 'Светлана', 'Витальевна', '1920-01-01', '2000-01-01', '2000-01-02', 0, 0, 1, 0, 0, 0, 'работает'),
(190, 'Трубина', 'Ирина', 'Николаевна', '1920-01-01', '2000-01-01', '2000-01-02', 0, 0, 1, 0, 0, 0, 'работает'),
(191, 'Турбина', 'Ольга', 'Александровна', '1920-01-01', '2000-01-01', '2000-01-02', 0, 0, 6, 0, 0, 0, 'работает'),
(192, 'Каримова', 'Дарья', 'Николаевна', '1920-01-01', '2000-01-01', '2000-01-02', 0, 0, 1, 0, 0, 0, 'работает'),
(193, 'Сагитова', 'Яна', 'Сагадеевна', '1920-01-01', '2000-01-01', '2000-01-02', 0, 0, 1, 0, 0, 0, 'уволен'),
(194, 'Ускова', 'Анастасия', 'Анатольевна', '1920-01-01', '2000-01-01', '2000-01-02', 0, 0, 2, 0, 0, 0, 'работает'),
(195, 'Харламова', 'Татьяна', 'Дмитриевна', '1920-01-01', '2000-01-01', '2000-01-02', 0, 0, 2, 0, 0, 0, 'работает'),
(196, 'Щербинин', 'Валерий', 'Васильевич', '1920-01-01', '2000-01-01', '2000-01-02', 0, 0, 2, 0, 0, 0, 'работает'),
(197, 'Балашова', 'Ирина', 'Анатольевич', '1920-01-01', '2000-01-01', '2000-01-02', 0, 0, 1, 0, 0, 0, 'работает'),
(198, 'Гатина', 'Елена', 'Сергеевна', '1920-01-01', '2000-01-01', '2000-01-02', 0, 0, 1, 0, 0, 0, 'работает'),
(199, 'Фетисова', 'Людмила', 'Александровна', '1920-01-01', '2000-01-01', '2000-01-02', 0, 0, 1, 0, 0, 0, 'работает'),
(200, 'Филипцевич', 'Наталья', 'Николаевна', '1920-01-01', '2000-01-01', '2000-01-02', 0, 0, 1, 0, 0, 0, 'работает'),
(201, 'Хуторянская', 'Инна', 'Валентиновна', '1920-01-01', '2000-01-01', '2000-01-02', 0, 0, 1, 0, 0, 0, 'работает'),
(202, 'Чашемова', 'Валентина', 'Дмитриевна', '1920-01-01', '2000-01-01', '2000-01-02', 0, 0, 1, 0, 0, 0, 'работает'),
(203, 'Черепкова', 'Наталья', 'Владимировна', '1920-01-01', '2000-01-01', '2000-01-02', 0, 0, 1, 0, 0, 0, 'работает'),
(204, 'Чикунова', 'Ирина', 'Валерьевна', '1920-01-01', '2000-01-01', '2000-01-02', 0, 0, 1, 0, 0, 0, 'работает'),
(205, 'Чикунова', 'Ольга', 'Геннадьевна', '1920-01-01', '2000-01-01', '2000-01-02', 0, 0, 1, 0, 0, 0, 'работает'),
(206, 'Чумак', 'Мария', 'Ивановна', '1920-01-01', '2000-01-01', '2000-01-02', 0, 0, 1, 0, 0, 0, 'работает'),
(207, 'Шавшина', 'Наталья', 'Николаевна', '1920-01-01', '2000-01-01', '2000-01-02', 0, 0, 1, 0, 0, 0, 'работает'),
(208, 'Шаркова', 'Лидия', 'Николаевна', '1920-01-01', '2000-01-01', '2000-01-02', 0, 0, 1, 0, 0, 0, 'работает'),
(209, 'Шишняева', 'Валентина', 'Ивановна', '1920-01-01', '2000-01-01', '2000-01-02', 0, 0, 1, 0, 0, 0, 'работает'),
(210, 'Шмидт', 'Александр', 'Яковлевлевич', '1920-01-01', '2000-01-01', '2000-01-02', 0, 0, 1, 0, 0, 0, 'работает'),
(211, 'Абзалова', 'Наталья', 'Михайловна', '1920-01-01', '2000-01-01', '2000-01-02', 0, 0, 1, 0, 0, 0, 'работает'),
(212, 'Бычик', 'Светлана', 'Алексеевна', '1920-01-01', '2000-01-01', '2000-01-02', 0, 0, 1, 0, 0, 0, 'работает'),
(213, 'Вандышева', 'Татьяна', 'Анатольевна', '1920-01-01', '2000-01-01', '2000-01-02', 0, 0, 1, 0, 0, 0, 'работает'),
(214, 'Голуб', 'Алла', 'Николаевна', '1920-01-01', '2000-01-01', '2000-01-02', 0, 0, 1, 0, 0, 0, 'уволен'),
(215, 'Ильина', 'Марина', 'Александровна', '1920-01-01', '2000-01-01', '2000-01-02', 0, 0, 1, 0, 0, 0, 'работает'),
(216, 'Корчагина', 'Елена', 'Станиславовна', '1920-01-01', '2000-01-01', '2000-01-02', 0, 0, 1, 0, 0, 0, 'работает'),
(217, 'Сахно', 'Ольга', 'Александровна', '1920-01-01', '2000-01-01', '2000-01-02', 0, 0, 1, 0, 0, 0, 'работает'),
(218, 'Степанова', 'Татьяна', 'Александровна', '1920-01-01', '2000-01-01', '2000-01-02', 0, 0, 1, 0, 0, 0, 'работает'),
(219, 'Шелковникова', 'Оксана', 'Васильевна', '1920-01-01', '2000-01-01', '2000-01-02', 0, 0, 1, 0, 0, 0, 'работает'),
(220, 'Шеметова', 'Мария', 'Сергеевна', '1920-01-01', '2000-01-01', '2000-01-02', 0, 0, 4, 0, 0, 0, 'работает'),
(221, 'Тутарова', 'Власта', 'Диляуровна', '1920-01-01', '2000-01-01', '2000-01-02', 0, 0, 1, 0, 0, 0, 'работает'),
(222, 'Шумакова', 'Наталья', 'Викторовна', '1920-01-01', '2000-01-01', '2000-01-02', 0, 0, 1, 0, 0, 0, 'работает'),
(223, 'Юрина', 'Марина', 'Викторовна', '1920-01-01', '2000-01-01', '2000-01-02', 0, 0, 1, 0, 0, 0, 'работает'),
(224, 'Федосеева', 'Юлия', 'Валерьевна', '1920-01-01', '2000-01-01', '2000-01-02', 0, 0, 13, 0, 0, 0, 'работает'),
(225, 'Юсупова', 'Алия', 'Азатовна', '1920-01-01', '2000-01-01', '2000-01-02', 0, 0, 1, 0, 0, 0, 'работает'),
(226, 'Яльмурзина', 'Раиса', 'Байдавлетовна', '1920-01-01', '2000-01-01', '2000-01-02', 0, 0, 1, 0, 0, 0, 'работает'),
(227, 'Яхина', 'Людмила', 'Петровна', '1920-01-01', '2000-01-01', '2000-01-02', 0, 0, 1, 0, 0, 0, 'работает'),
(228, 'Астахина', 'Мария', 'Михайловна', '1920-01-01', '2000-01-01', '2000-01-02', 0, 0, 1, 0, 0, 0, 'работает'),
(229, 'Бахтова', 'Наталья', 'Станиславовна', '1920-01-01', '2000-01-01', '2000-01-02', 0, 0, 1, 0, 0, 0, 'работает'),
(230, 'Панфилова', 'Ирина', 'Александровна', '1920-01-01', '2000-01-01', '2000-01-02', 0, 0, 1, 0, 0, 0, 'работает'),
(231, 'Калугина', 'Тамара', 'Владимировна', '1920-01-01', '2000-01-01', '2000-01-02', 0, 0, 1, 0, 0, 0, 'работает'),
(232, 'Фазлыева', 'Екатерина', 'Игоревна', '1920-01-01', '2000-01-01', '2000-01-02', 0, 0, 1, 0, 0, 0, 'работает'),
(233, 'Форыкина', 'Елена', 'Витальевна', '1920-01-01', '2000-01-01', '2000-01-02', 0, 0, 1, 0, 0, 0, 'работает'),
(234, 'Шапочникова', 'Ирина', 'Анатольевна', '1920-01-01', '2000-01-01', '2000-01-02', 0, 0, 1, 0, 0, 0, 'работает'),
(235, 'Шишняева', 'Валентина', 'Александровна', '1920-01-01', '2000-01-01', '2000-01-02', 0, 0, 1, 0, 0, 0, 'работает'),
(236, 'Янзакова', 'Гульнур', 'Тимерхановна', '1920-01-01', '2000-01-01', '2000-01-02', 0, 0, 1, 0, 0, 0, 'работает'),
(237, 'Менщикова', 'Евгения', 'Владимировна', '1920-01-01', '2000-01-01', '2000-01-02', 0, 0, 1, 0, 0, 0, 'работает'),
(238, 'Макаров', 'Александр', 'Викторович', '1920-01-01', '2000-01-01', '2000-01-02', 0, 0, 1, 0, 0, 0, 'работает'),
(239, 'Короткин', 'Андрей', 'Владимирович', '1920-01-01', '2000-01-01', '2000-01-02', 0, 0, 1, 0, 0, 0, 'работает'),
(240, 'Каминская', 'Елена', 'Александровна', '1920-01-01', '2000-01-01', '2000-01-02', 0, 0, 1, 0, 0, 0, 'работает'),
(241, 'Путилин', 'Константин', 'Александрович', '1920-01-01', '2000-01-01', '2000-01-02', 0, 0, 1, 0, 0, 0, 'работает'),
(242, 'Божеховская', 'Ольга', 'Сергеевна', '1920-01-01', '2000-01-01', '2000-01-02', 0, 0, 1, 0, 0, 0, 'работает'),
(243, 'Артемьева', 'Анна', 'Игоревна', '1920-01-01', '2000-01-01', '2000-01-02', 0, 0, 1, 0, 0, 0, 'работает'),
(244, 'Смирнова', 'Наталья', 'Владимировна', '1920-01-01', '2000-01-01', '2000-01-02', 0, 0, 1, 0, 0, 0, 'работает'),
(245, 'Якунина', 'Ирина', 'Александровна', '1920-01-01', '2000-01-01', '2000-01-02', 0, 0, 1, 0, 0, 0, 'работает'),
(246, 'Шигапова', 'Екатерина', 'Олеговна', '1920-01-01', '2000-01-01', '2000-01-02', 0, 0, 1, 0, 0, 0, 'работает'),
(247, 'Шуваева', 'Нина', 'Александровна', '1920-01-01', '2000-01-01', '2000-01-02', 0, 0, 1, 0, 0, 0, 'работает'),
(248, 'Панищев', 'Николай', 'Васильевич', '1920-01-01', '2000-01-01', '2000-01-02', 0, 0, 1, 0, 0, 0, 'работает'),
(249, 'Нешпоренко', 'Дарья', 'Сергеевна', '1920-01-01', '2000-01-01', '2000-01-02', 0, 0, 1, 0, 0, 0, 'работает'),
(250, 'ческидова', 'Ольга', 'Анатольевна', '1920-01-01', '2000-01-01', '2000-01-02', 0, 0, 1, 0, 0, 0, 'работает');

-- --------------------------------------------------------

--
-- Table structure for table `institution`
--

CREATE TABLE `institution` (
  `id_institution` bigint(20) UNSIGNED NOT NULL,
  `title_institution` varchar(150) DEFAULT NULL
) ENGINE=InnoDB DEFAULT CHARSET=utf8;

--
-- Dumping data for table `institution`
--

INSERT INTO `institution` (`id_institution`, `title_institution`) VALUES
(1, 'Магнитогорский гоcударственный технический университет им. Г.И.Носова'),
(2, 'ИДПО  МГТУ \"Горизонт\"'),
(3, 'ЧП Жиденко Г.П. Ателье «Комфорт» '),
(4, 'ООО \"Ремпуть\"'),
(5, 'ООО\"Уралтеплоприбор\", сметный отдел'),
(6, 'ООО\"Уралтеплоприбор\"'),
(7, 'ООО\"Автотранспортное управление\"'),
(8, 'ИП И.А. Литвинчук \"Ланч-кафе\"'),
(9, 'АТУ, ОАО \"ПРОКАТМОНТАЖ\"'),
(10, 'ОАО \"ММК\", ККЦ'),
(11, 'ООО\"ОСК\"'),
(12, 'ООО \"АТУ ММК\"'),
(13, 'ООО\"Новатор\" Магазин \"Гастроном\"'),
(14, 'ОАО Магнитогорск гражданпроект'),
(15, 'ОАО \"ММК\", ЛПЦ-5'),
(16, 'ООО Трест Магнитогострой, центральная лаборатория'),
(17, 'ЗАО \"Металлосервис\"'),
(18, 'Центр подготовки кадров \"Персонал Бюро АСУ\"'),
(19, 'ЗАО \"Ай-Ти Сервис Маг\"'),
(20, 'Академия красоты by Sharygina'),
(21, '2ГИС в Магнитогорске'),
(22, 'СУР 2АЦ 7 АП при ЗАО МРК'),
(23, 'Институт горного дела и транспорт. Кафедра геологии, маркшейдерского дела и обогащения полезных иско'),
(24, 'Администрация города Магнитогорска'),
(25, 'Ателье \"Комфорт\"'),
(26, 'ООО\" Орион Ай Ти\"'),
(27, 'ОАО \"ММК\", ЭСПЦ'),
(28, 'Ростехинвентаризация'),
(29, 'Управление по делам архивов администрации г. Магнитогорска'),
(30, 'НИТУ \"МИССИС\" Новотроицкий филиал'),
(31, 'ИП \"Малыхина\"'),
(32, 'ООО \"Экокомплекс\"'),
(33, 'ООО \"Уралтеплоприбор\"'),
(34, 'ООО \"СтройРемонтМонтаж\"'),
(35, 'ООО «СтройРемонтМонтаж»'),
(36, 'ЧОУ ДПО \"Центр Знаний\" Санкт-Петербург'),
(37, 'НОЧУ ДПО «Национальный Открытый Университет \"ИНТУИТ\"'),
(38, 'Московская академия педагогических технологий «Педкампус»'),
(39, 'НОУ ДПО Учебный центр \"Бизнес и здоровье\"'),
(40, 'ФГБОУ ДПО \"Государственный институт новых форм образования\"');

-- --------------------------------------------------------

--
-- Table structure for table `kind_training`
--

CREATE TABLE `kind_training` (
  `id_kind_training` bigint(20) UNSIGNED NOT NULL,
  `title_kind` varchar(50) DEFAULT NULL
) ENGINE=InnoDB DEFAULT CHARSET=utf8;

--
-- Dumping data for table `kind_training`
--

INSERT INTO `kind_training` (`id_kind_training`, `title_kind`) VALUES
(1, 'Повышение квалификации'),
(2, 'Повышение квалификации в форме стажировки'),
(3, 'Профессиональная переподготовка');

-- --------------------------------------------------------

--
-- Table structure for table `level_education`
--

CREATE TABLE `level_education` (
  `id_level` bigint(20) UNSIGNED NOT NULL,
  `levelname` varchar(250) NOT NULL
) ENGINE=InnoDB DEFAULT CHARSET=utf8;

--
-- Dumping data for table `level_education`
--

INSERT INTO `level_education` (`id_level`, `levelname`) VALUES
(1, 'Среднее образование'),
(2, 'Высшее образование'),
(3, 'Переподготовка'),
(6, 'Послевузовское образование');

-- --------------------------------------------------------

--
-- Table structure for table `office`
--

CREATE TABLE `office` (
  `id_office` bigint(20) UNSIGNED NOT NULL,
  `officename` varchar(200) NOT NULL,
  `officehead` varchar(200) NOT NULL
) ENGINE=InnoDB DEFAULT CHARSET=utf8;

--
-- Dumping data for table `office`
--

INSERT INTO `office` (`id_office`, `officename`, `officehead`) VALUES
(0, '-', '-'),
(1, 'Информационные технологии и программное обеспечение', 'Загора О.Н.'),
(2, 'ааааа', 'ббббб');

-- --------------------------------------------------------

--
-- Table structure for table `pk`
--

CREATE TABLE `pk` (
  `id_pk` bigint(20) UNSIGNED NOT NULL,
  `educator_id` bigint(20) UNSIGNED NOT NULL DEFAULT '0',
  `Doc_num` int(11) DEFAULT NULL,
  `Doc_date` date DEFAULT NULL,
  `num_hours` int(11) DEFAULT NULL,
  `kind_tr_id` bigint(20) UNSIGNED DEFAULT NULL,
  `institution_id` bigint(20) UNSIGNED DEFAULT NULL,
  `Program` varchar(150) DEFAULT NULL,
  `professional_module` varchar(100) DEFAULT NULL,
  `specialty_id` bigint(20) UNSIGNED DEFAULT NULL,
  `training_direction_id` bigint(20) UNSIGNED DEFAULT NULL
) ENGINE=InnoDB DEFAULT CHARSET=utf8;

--
-- Dumping data for table `pk`
--

INSERT INTO `pk` (`id_pk`, `educator_id`, `Doc_num`, `Doc_date`, `num_hours`, `kind_tr_id`, `institution_id`, `Program`, `professional_module`, `specialty_id`, `training_direction_id`) VALUES
(23, 12, 5401, '2014-04-18', 72, 2, 2, 'Новые приемы в технологии монтажа силового электрооборудования подстанций', '', 1, 2),
(24, 46, 5407, '2014-03-10', 72, 2, 2, 'Совершенствование организации и технологии технического обслуживания и текущего ремонта автомобилей', '', 1, 2),
(25, 70, 5410, '2014-04-17', 72, 2, 2, 'Технология обработки новых видов тканей при изготовлении плечевой одежды', '', 1, 2),
(26, 99, 5412, '2014-04-01', 72, 2, 2, 'Проектирование программного обеспечения и компьютерных сетей с использование специализированных программных пакетов', '', 1, 2),
(27, 129, 5416, '2014-04-10', 72, 2, 2, 'Организация процесса приготовления сложных десертов', '', 1, 2),
(28, 148, 5417, '2014-04-10', 72, 2, 2, 'Организация процесса приготовления сложных холодных блюд', '', 1, 2),
(29, 156, 5013, '2012-11-26', 72, 2, 2, 'Инновационная деятельность в образование', '', 1, 2),
(30, 158, 5418, '2014-04-10', 72, 2, 2, 'Организация процесса приготовления сложных десертов', '', 1, 2),
(31, 169, NULL, '2013-11-14', 72, 2, 2, 'Участие в организации технологического процесса', '', 1, 2),
(32, 194, 5018, '2012-11-26', 72, 2, 2, 'Инновационная деятельность в образовании', '', 1, 2),
(33, 195, 5415, '2014-05-07', 72, 2, 2, 'Организация процесса приготовления сложной кулинарной продукции', '', 1, 2),
(34, 196, 5402, '2014-04-18', 72, 2, 2, 'Новые приемы в технологии монтажа силового электрооборудования подстанций', '', 1, 2),
(35, 1, NULL, '2012-10-08', 72, 2, 2, '', '', 1, 2),
(36, 7, NULL, '2013-03-01', 72, 2, 2, 'Электрическое и электромеханическое оборудование', '', 1, 2),
(37, 7, NULL, '2013-03-01', 72, 2, 2, 'Техническая эксплуатация и обслуживание электрического и электромеханического оборудования', '', 1, 2),
(38, 197, 5403, '2014-04-25', 72, 2, 2, 'Новые технологии в преподавании экономических дисциплин', '', 1, 2),
(39, 18, 5468, '2014-06-19', 72, 2, 2, 'Организация производства на предприятиях общественного питания', '', 1, 2),
(40, 19, NULL, '2012-11-01', 72, 2, 2, 'Техническая эксплуатация и обслуживание электрического и электромеханического оборудования', '', 1, 2),
(41, 21, NULL, '2013-03-11', 72, 2, 2, 'Экономика организации, экономика отросли', '', 1, 2),
(42, 22, NULL, '2013-11-14', 72, 2, 2, 'Организация работы структурного подразделения', '', 1, 2),
(43, 23, NULL, '2012-10-24', 72, 2, 2, 'Валютно-финансовые операции. Финансовый менеджмент', '', 1, 2),
(44, 25, NULL, '2012-11-01', 72, 2, 2, 'Оборудование предприятий общественного питания', '', 1, 2),
(45, 25, 5467, '2014-06-19', 72, 2, 2, 'Изучение инновационных методов приготовления и оформления сложных горячих блюд', '', 1, 2),
(46, 28, NULL, '2013-03-18', 72, 2, 2, 'Оператор ЭВМ', '', 1, 2),
(47, 31, 5405, '2014-03-10', 72, 2, 2, 'Особенности организации эффективной наладки подъемно-транспортных машин и оборудования', '', 1, 2),
(48, 35, 5406, '2014-03-10', 72, 2, 2, 'Изучение особенностей устройства автомобилей, работающих на газо-моторном топливе', '', 1, 2),
(49, 39, NULL, '2012-11-01', 72, 2, 2, 'Организация обслуживания', '', 1, 2),
(50, 198, NULL, '2013-03-11', 72, 2, 2, 'Менеджмент', '', 1, 2),
(51, 43, NULL, '2013-03-11', 72, 2, 2, 'Техническая эксплуатация строительных дорожных машин и оборудование,', '', 1, 2),
(52, 45, NULL, '2013-03-18', 72, 2, 2, 'Участие в интеграции программных продуктов', '', 1, 2),
(53, 50, NULL, '2013-03-18', 72, 2, 2, 'Применение микропроцессорных систем и настройка периферийного оборудование', '', 1, 2),
(54, 55, NULL, '2012-12-30', 72, 2, 2, 'Технология отросли', '', 1, 2),
(55, 60, NULL, '2013-03-01', 72, 2, 2, 'Технология разработки программных продуктов', '', 1, 2),
(56, 60, 5466, '2014-06-19', 72, 2, 2, 'Программные средства проектирования', '', 1, 2),
(57, 66, NULL, '2012-12-30', 72, 2, 2, 'Ценообразование строительных работ', '', 1, 2),
(58, 78, 5411, '2014-04-01', 72, 2, 2, 'Проектирование программного обеспечения и компьютерных сетей с использование специализированных программных пакетов', '', 1, 2),
(59, 78, 66, '2010-03-01', 72, 2, 2, 'Разработка и эксплуатация удаленных баз данных', 'кееп', 1, 2),
(60, 79, NULL, '2013-04-30', 72, 2, 2, 'Основы геодезии', '', 1, 2),
(61, 70, NULL, '2012-11-16', 72, 2, 2, 'Специальная технология', '', 1, 2),
(62, 85, NULL, '2013-03-01', 72, 2, 2, 'Документоведение', '', 1, 2),
(63, 85, NULL, '2013-03-01', 72, 2, 2, 'Организация документационного обеспечения, управления и функционирования организации', '', 1, 2),
(64, 88, NULL, '2013-04-30', 72, 2, 2, 'Техническая эксплуатация зданий и сооружений', '', 1, 2),
(65, 88, NULL, '2012-11-01', 72, 2, 2, 'Строительные конструкции. Техническая эксплуатация зданий и сооружений', '', 1, 2),
(66, 98, NULL, '2012-11-08', 72, 2, 2, 'Бухгалтерский учет и налогообложение', '', 1, 2),
(67, 100, 5464, '2014-06-19', 72, 2, 2, 'Изучение высоковвольтного оборудования и методов контроля и учета потерь электрической энергии', '', 1, 2),
(68, 105, NULL, '2013-03-01', 72, 2, 2, 'Программное обеспечение компьютерных сетей', '', 1, 2),
(69, 107, NULL, '2012-12-29', 72, 2, 2, 'Деловое общение на иностранном языке', '', 1, 2),
(70, 108, 5404, '2014-04-25', 72, 2, 2, 'Совершенствование преподавания экономических дисциплин, изучение принципов и методов эффективного управления на предприятии', '', 1, 2),
(71, 111, NULL, '2012-11-01', 72, 2, 2, 'Технология производства стали. Технологическая оборудования доменных цехов', '', 1, 2),
(72, 123, NULL, '2012-10-24', 72, 2, 2, 'Налоговое право. Финансовое право', '', 1, 2),
(73, 125, NULL, '2012-12-31', 72, 2, 2, 'Инженерные сети и оборудование', '', 1, 2),
(74, 125, NULL, '2013-04-30', 72, 2, 2, 'Инженерные сети, оборудование территорий, зданий и сооружений', '', 1, 2),
(75, 130, NULL, '2013-04-30', 72, 2, 2, 'Основы геодезии', '', 1, 2),
(76, 131, NULL, '2013-10-14', 72, 2, 2, 'Автоматизация технологических процессов и производства (по отраслям)', '', 1, 2),
(77, 131, NULL, '2012-10-30', 72, 2, 2, 'Автоматизирование системы управления металлургических процессов', '', 1, 2),
(78, 132, NULL, '2013-06-10', 72, 2, 2, 'Электрическое и электромеханическое оборудование', '', 1, 2),
(79, 132, NULL, '2013-03-01', 72, 2, 2, 'Электрический привод. Системы управления электроприводом', '', 1, 2),
(80, 138, NULL, '2012-11-16', 72, 2, 2, 'Художественное проектирование одежды', '', 1, 2),
(81, 141, NULL, '2012-11-01', 72, 2, 2, 'Эксплуатация электрооборудования промышленных предприятий и гражданских зданий', '', 1, 2),
(82, 141, NULL, '2013-11-07', 72, 2, 2, 'Участие в организации технологического процесса. Организация и выполнение работ по эксплуатации и ремонту электроустановок', '', 1, 2),
(83, 144, NULL, '2013-03-01', 72, 2, 2, 'Физика', '', 1, 2),
(84, 145, NULL, '2012-10-30', 72, 2, 2, 'Технология отрасли', '', 1, 2),
(86, 150, NULL, '2013-03-11', 72, 2, 2, 'Детали машин. Техническая механика', '', 1, 2),
(87, 153, NULL, '2012-12-29', 72, 2, 2, 'Деловое общение на иностранном языке', '', 1, 2),
(88, 164, NULL, '2013-03-18', 72, 2, 2, 'Применение микропроцессорных систем, установка и настройка периферийного оборудования', '', 1, 2),
(89, 166, NULL, '2012-11-01', 72, 2, 2, 'Технология производства чугуна. Технологическое оборудование доменных печей', '', 1, 2),
(90, 178, NULL, '2013-03-01', 72, 2, 2, 'Товароведение потребительских товаров', '', 1, 2),
(91, 179, NULL, '2013-11-07', 72, 2, 2, 'Организация обслуживания в организациях общественного питания', '', 1, 2),
(92, 183, NULL, '2012-12-30', 72, 2, 2, 'Техническая эксплуатация и обслуживание электрического и электромеханического оборудования', '', 1, 2),
(93, 183, 5409, '2014-03-10', 72, 2, 2, 'Современные технологии в обслуживании подъемно-транспортных машин, аппаратов управления, релейной защиты и автоматики', '', 1, 2),
(94, 187, NULL, '2013-03-01', 72, 2, 2, 'Инженерная графика', '', 1, 2),
(95, 189, NULL, '2013-05-11', 72, 2, 2, 'Организация архивной и справочно-информационной работы по документам организации', '', 1, 2),
(96, 189, NULL, '2013-03-01', 72, 2, 2, 'Архивоведение', '', 1, 2),
(97, 199, NULL, '2013-03-18', 72, 2, 2, 'Разработка программных модулей ПО для компьютерных сетей', '', 1, 2),
(98, 200, NULL, '2013-12-07', 72, 2, 2, 'Участие в организации технологического процесса. Устройства автомобилей. Профессиональное обучение (по отраслям)', '', 1, 2),
(99, 201, NULL, '2013-03-11', 72, 2, 2, 'Проектно-сметное дело', '', 1, 2),
(101, 203, NULL, '2000-01-01', 72, 2, 2, 'Инженерные сети, оборудование территорий, зданий и сооружений', '', 1, 2),
(102, 204, NULL, '2013-04-30', 72, 2, 2, 'Инженерная графика', '', 1, 2),
(103, 204, NULL, '2012-12-01', 72, 2, 2, 'Технология и организация строительного производства', '', 1, 2),
(104, 205, NULL, '2012-12-01', 72, 2, 2, 'Технология и организация строительного производства', '', 1, 2),
(105, 205, NULL, '2013-04-30', 72, 2, 2, 'Технология и организация строительного производства', '', 1, 2),
(106, 206, NULL, '2012-10-30', 72, 2, 2, 'Подъемно-транспортное оборудование', '', 1, 2),
(107, 207, 5465, '2014-06-19', 72, 2, 2, 'Программные средства проектирования', '', 1, 2),
(108, 208, NULL, '2013-03-11', 72, 2, 2, 'Финансы. Денежное обращение', '', 1, 2),
(109, 209, NULL, '2012-11-30', 72, 2, 2, 'Станочные гидроприводы', '', 1, 2),
(110, 210, NULL, '2012-11-01', 72, 2, 2, 'Наладка электрооборудования', '', 1, 2),
(111, 26, 5114, '2013-12-02', 72, 1, 2, 'Инновационная деятельность в образование', '', 1, 1),
(112, 1, 5003, '2012-11-26', 72, 1, 2, 'Инновационная деятельность в образовании', '', 1, 1),
(113, 211, 5063, '2013-06-19', 72, 1, 2, 'Современные педагогические технологии', '', 1, 1),
(114, 212, 7733, '2014-06-20', 72, 1, 2, 'Аккредитация: критерии, процедура, принятие решения. Что изменилось в связи с введением нового закона', '', 1, 1),
(115, 213, 13, '2013-02-28', 72, 1, 2, 'Организация и содержание работы педагога-психолога образовательного учреждения в условиях внедрения ФГОС', '', 1, 1),
(116, 7, 4983, '2012-12-27', 72, 1, 2, 'Электрические машины, аппараты и автоматизированный электропривод', '', 1, 1),
(117, 27, 5100, '2013-06-27', 72, 1, 2, 'Реализация образовательных программ с применением электронного обучения, дистационных образовательных технологий', '', 1, 1),
(118, 9, 5113, '2013-12-02', 72, 1, 2, 'Инновационная деятельность в образовании', '', 1, 1),
(119, 27, 496, '2014-04-30', 72, 1, 2, 'Современные образовательные технологии и учебно-методическое сопровождение обучения студентов в условиях ФГОС ВПО/СПО нового поколения', '', 1, 1),
(120, 10, 428818, '2014-04-30', 72, 1, 2, 'Современные образовательные технологии и учебно-методическое сопровождение обучения студентов в условиях ФГОС ВПО/СПО нового поколения', '', 1, 1),
(121, 28, 475, '2014-04-30', 72, 1, 2, 'Современные образовательные технологии и учебно-методическое сопровождение обучения студентов в условиях ФГОС ВПО/СПО нового поколения', '', 1, 1),
(122, 15, 474, '2014-04-30', 72, 1, 2, 'Современные образовательные технологии и учебно-методическое сопровождение обучения студентов в условиях ФГОС ВПО/СПО нового поколения', '', 1, 1),
(123, 31, 5204, '2013-12-04', 72, 1, 2, 'Современные педагогические технологии', '', 1, 1),
(124, 18, NULL, '2014-04-09', 72, 1, 2, 'Финансовый и инвестиционный анализ', '', 1, 1),
(125, 32, 5115, '2013-12-02', 72, 1, 2, 'Инновационная деятельность в образовании', '', 1, 1),
(126, 33, 497, '2014-04-30', 72, 1, 2, 'Современные образовательные технологии и учебно-методическое сопровождение обучения студентов в условиях ФГОС ВПО/СПО нового поколения', '', 1, 1),
(127, 34, 5250, '2013-12-21', 72, 1, 2, 'Проблемы организации Научной работы в высшей школе', '', 1, 1),
(128, 24, 495, '2014-04-30', 72, 1, 2, 'Современные образовательные технологии и учебно-методическое сопровождение обучения студентов в условиях ФГОС ВПО/СПО нового поколения', '', 1, 1),
(129, 37, 5065, '2013-06-19', 72, 1, 2, 'Современные педагогические технологии', '', 1, 1),
(130, 39, 498, '2014-04-30', 72, 1, 2, 'Современные образовательные технологии и учебно-методическое сопровождение обучения студентов в условиях ФГОС ВПО/СПО нового поколения', '', 1, 1),
(131, 214, 476, '2014-04-30', 72, 1, 2, 'Современные образовательные технологии и учебно-методическое сопровождение обучения студентов в условиях ФГОС ВПО/СПО нового поколения', '', 1, 1),
(132, 48, 5082, '2013-06-26', 72, 1, 2, 'Новые формы управления образовательным процессом. Проектный подход к управлению качеством образования', '', 1, 1),
(133, 48, 428819, '2014-04-30', 72, 1, 2, 'Современные образовательные технологии и учебно-методическое сопровождение обучения студентов в условиях ФГОС ВПО/СПО нового поколения', '', 1, 1),
(134, 78, NULL, '2014-03-19', 72, 1, 2, 'Язык программирования PHP', '', 1, 1),
(135, 49, 499, '2014-04-30', 72, 1, 2, 'Современные образовательные технологии и учебно-методическое сопровождение обучения студентов в условиях ФГОС ВПО/СПО нового поколения', '', 1, 1),
(136, 78, NULL, '2013-03-19', 72, 1, 2, 'Язык программирования С++', '', 1, 1),
(137, 50, 5023, '2012-12-29', 72, 1, 2, 'Электроника и микросистемная техника', '', 1, 1),
(138, 50, 500, '2014-04-30', 72, 1, 2, 'Современные образовательные технологии и учебно-методическое сопровождение обучения студентов в условиях ФГОС ВПО/СПО нового поколения', '', 1, 1),
(139, 81, 5254, '2013-12-21', 72, 1, 2, 'Проблемы организации Научной работы в высшей школе', '', 1, 1),
(140, 215, 478, '2014-04-30', 72, 1, 2, 'Современные образовательные технологии и учебно-методическое сопровождение обучения студентов в условиях ФГОС ВПО/СПО нового поколения', '', 1, 1),
(141, 53, 5083, '2013-06-26', 72, 1, 2, 'Новые формы управления образовательным процессом. Проектный подход к управлению качеством образования', '', 1, 1),
(142, 82, 5206, '2013-12-04', 72, 1, 2, 'Современные педагогические технологии', '', 1, 1),
(143, 83, 479, '2014-04-30', 72, 1, 2, 'Современные образовательные технологии и учебно-методическое сопровождение обучения студентов в условиях ФГОС ВПО/СПО нового поколения', '', 1, 1),
(144, 58, 5116, '2013-12-02', 72, 1, 2, 'Инновационная деятельность в образовании', '', 1, 1),
(145, 60, 501, '2014-04-30', 72, 1, 2, 'Современные образовательные технологии и учебно-методическое сопровождение обучения студентов в условиях ФГОС ВПО/СПО нового поколения', '', 1, 1),
(146, 85, 5240, '2013-12-26', 72, 1, 2, 'Реализация образовательных программ с применением электронного обучения, дистационных образовательных технологий', '', 1, 1),
(147, 71, 477, '2014-04-30', 72, 1, 2, 'Современные образовательные технологии и учебно-методическое сопровождение обучения студентов в условиях ФГОС ВПО/СПО нового поколения', '', 1, 1),
(148, 92, 504, '2014-04-30', 72, 1, 2, 'Современные образовательные технологии и учебно-методическое сопровождение обучения студентов в условиях ФГОС ВПО/СПО нового поколения', '', 1, 1),
(149, 93, 428820, '2014-04-30', 72, 1, 2, 'Современные образовательные технологии и учебно-методическое сопровождение обучения студентов в условиях ФГОС ВПО/СПО нового поколения', '', 1, 1),
(150, 73, 5092, '2013-06-27', 72, 1, 2, 'Совершенствование образовательных программ в соответствии с требованием ФГОС', '', 1, 1),
(151, 94, 480, '2014-04-30', 72, 1, 2, 'Современные образовательные технологии и учебно-методическое сопровождение обучения студентов в условиях ФГОС ВПО/СПО нового поколения', '', 1, 1),
(152, 73, 520, '2014-04-30', 72, 1, 2, 'Современные образовательные технологии и учебно-методическое сопровождение обучения студентов в условиях ФГОС ВПО/СПО нового поколения', '', 1, 1),
(153, 98, 5008, '2012-11-26', 72, 1, 2, 'Инновационная деятельность в образовании', '', 1, 1),
(154, 74, 503, '2014-04-30', 72, 1, 2, 'Современные образовательные технологии и учебно-методическое сопровождение обучения студентов в условиях ФГОС ВПО/СПО нового поколения', '', 1, 1),
(155, 100, 5464, '2014-06-19', 72, 1, 2, 'Изучение высоковвольтного оборудования и методов контроля и учета потерь электрической энергии', '', 1, 1),
(156, 76, 502, '2014-04-30', 72, 1, 2, 'Современные образовательные технологии и учебно-методическое сопровождение обучения студентов в условиях ФГОС ВПО/СПО нового поколения', '', 1, 1),
(157, 103, 505, '2014-04-30', 72, 1, 2, 'Современные образовательные технологии и учебно-методическое сопровождение обучения студентов в условиях ФГОС ВПО/СПО нового поколения', '', 1, 1),
(158, 125, 508, '2014-04-30', 72, 1, 2, 'Современные образовательные технологии и учебно-методическое сопровождение обучения студентов в условиях ФГОС ВПО/СПО нового поколения', '', 1, 1),
(159, 104, 481, '2014-04-30', 72, 1, 2, 'Современные образовательные технологии и учебно-методическое сопровождение обучения студентов в условиях ФГОС ВПО/СПО нового поколения', '', 1, 1),
(161, 126, 5103, '2013-06-27', 72, 1, 2, 'Реализация образовательных программ с применением электронного обучения, дистационных образовательных технологий', '', 1, 1),
(162, 106, 506, '2014-04-30', 72, 1, 2, 'Современные образовательные технологии и учебно-методическое сопровождение обучения студентов в условиях ФГОС ВПО/СПО нового поколения', '', 1, 1),
(163, 131, 5243, '2013-12-26', 72, 1, 2, 'Реализация образовательных программ с применением электронного обучения, дистационных образовательных технологий', '', 1, 1),
(164, 105, 482, '2014-04-30', 72, 1, 2, 'Современные образовательные технологии и учебно-методическое сопровождение обучения студентов в условиях ФГОС ВПО/СПО нового поколения', '', 1, 1),
(165, 132, 4988, '2012-12-27', 72, 1, 2, 'Электрические машины, аппараты и автоматизированный электропривод', '', 1, 1),
(166, 133, 509, '2014-04-30', 72, 1, 2, 'Современные образовательные технологии и учебно-методическое сопровождение обучения студентов в условиях ФГОС ВПО/СПО нового поколения', '', 1, 1),
(167, 108, 5067, '2013-06-19', 72, 1, 2, 'Совершенствование содержания учебного процесса', '', 1, 1),
(168, 137, 5104, '2013-06-27', 72, 1, 2, 'Реализация образовательных программ с применением электронного обучения, дистационных образовательных технологий', '', 1, 1),
(169, 138, 510, '2014-04-30', 72, 1, 2, 'Современные образовательные технологии и учебно-методическое сопровождение обучения студентов в условиях ФГОС ВПО/СПО нового поколения', '', 1, 1),
(170, 108, 5174, '2013-12-16', 72, 1, 2, 'Новые формы управления образовательным процессом. Проектный подход к управлению качеством образования', '', 1, 1),
(171, 139, 428821, '2014-04-30', 72, 1, 2, 'Современные образовательные технологии и учебно-методическое сопровождение обучения студентов в условиях ФГОС ВПО/СПО нового поколения', '', 1, 1),
(172, 140, 511, '2014-04-30', 72, 1, 2, 'Современные образовательные технологии и учебно-методическое сопровождение обучения студентов в условиях ФГОС ВПО/СПО нового поколения', '', 1, 1),
(173, 109, 5054, '2013-06-14', 72, 1, 2, 'Информация образования: разработка и внедрение электронных учебных  терминологических словарей', '', 1, 1),
(174, 109, 507, '2014-04-30', 72, 1, 2, 'Современные образовательные технологии и учебно-методическое сопровождение обучения студентов в условиях ФГОС ВПО/СПО нового поколения', '', 1, 1),
(175, 141, 486, '2014-04-30', 72, 1, 2, 'Современные образовательные технологии и учебно-методическое сопровождение обучения студентов в условиях ФГОС ВПО/СПО нового поколения', '', 1, 1),
(176, 116, 483, '2014-04-30', 72, 1, 2, 'Современные образовательные технологии и учебно-методическое сопровождение обучения студентов в условиях ФГОС ВПО/СПО нового поколения', '', 1, 1),
(177, 142, 521, '2014-04-30', 72, 1, 2, 'Современные образовательные технологии и учебно-методическое сопровождение обучения студентов в условиях ФГОС ВПО/СПО нового поколения', '', 1, 1),
(178, 118, 484, '2014-04-30', 72, 1, 2, 'Современные образовательные технологии и учебно-методическое сопровождение обучения студентов в условиях ФГОС ВПО/СПО нового поколения', '', 1, 1),
(179, 142, 240075042, '2013-12-13', 72, 1, 2, 'Совершенствование образовательных программ в соответствии с требованием ФГОС', '', 1, 1),
(180, 122, 5102, '2013-06-27', 72, 1, 2, 'Реализация образовательных программ с применением электронного обучения, дистационных образовательных технологий', '', 1, 1),
(181, 122, 485, '2014-04-30', 72, 1, 2, 'Современные образовательные технологии и учебно-методическое сопровождение обучения студентов в условиях ФГОС ВПО/СПО нового поколения', '', 1, 1),
(182, 145, 122, '2014-01-24', 72, 1, 2, 'Прикладной бакалавриат. СПО в структуре ВПО. Система сетевого взаимодействия в организациях профессионального образования', '', 1, 1),
(183, 164, 512, '2014-04-30', 72, 1, 2, 'Современные образовательные технологии и учебно-методическое сопровождение обучения студентов в условиях ФГОС ВПО/СПО нового поколения', '', 1, 1),
(184, 145, 5185, '2013-12-13', 72, 1, 2, 'Совершенствование образовательных программ в соответствии с требованием ФГОС', '', 1, 1),
(185, 167, 5059, '2013-06-14', 72, 1, 2, 'Информация образования: разработка и внедрение электронных учебных  терминологических словарей', '', 1, 1),
(186, 168, 5209, '2013-12-04', 72, 1, 2, 'Современные педагогические технологии', '', 1, 1),
(187, 173, 487, '2014-04-30', 72, 1, 2, 'Современные образовательные технологии и учебно-методическое сопровождение обучения студентов в условиях ФГОС ВПО/СПО нового поколения', '', 1, 1),
(188, 145, 122, '2014-01-24', 72, 1, 2, 'Профессиональное образование в структуре ВПО, система сетевого взаимодействия в организациях профессионального образования', '', 1, 1),
(189, 175, 5086, '2013-06-26', 72, 1, 2, 'Новые формы управления образовательным процессом. Проектный подход к управлению качеством образования', '', 1, 1),
(190, 145, 416, '2014-04-26', 32, 1, 2, 'Управление проектами в решении задач подготовки кадров по специальности ВПО', '', 1, 1),
(191, 217, 3664, '2012-11-30', 72, 1, 2, 'Организация работы с молодёжью на региональном и муниципальном уровне', '', 1, 1),
(192, 182, 5187, '2013-12-13', 72, 1, 2, 'Совершенствование образовательных программ в соответствии с требованиями ФГОС', '', 1, 1),
(193, 182, 522, '2014-04-30', 72, 1, 2, 'Современные образовательные технологии и учебно-методическое сопровождение обучения студентов в условиях ФГОС ВПО/СПО нового поколения', '', 1, 1),
(194, 145, NULL, '2014-07-01', 72, 1, 2, 'О порядке организации и осуществления образовательной деятельности по образовательной программе СПО. Вопросы лицензирования, аккредитации', '', 1, 1),
(195, 184, 647, '2014-01-31', 80, 1, 2, 'Основы функционирования гидросистем', '', 1, 1),
(196, 184, 5211, '2013-12-04', 72, 1, 2, 'Современные педагогические технологии', '', 1, 1),
(197, 151, 5056, '2013-06-14', 72, 1, 2, 'Информатизация образования: разработка и внедрения электронных учебников, терминологических словарей', '', 1, 1),
(198, 218, 5106, '2013-06-27', 72, 1, 2, 'Реализация образовательных программ с применением электронного обучения, дистационных образовательных технологий', '', 1, 1),
(199, 153, 5057, '2013-06-14', 72, 1, 2, 'Информатизация образования: разработка и внедрения электронных учебников, терминологических словарей', '', 1, 1),
(200, 187, 489, '2014-04-30', 72, 1, 2, 'Современные образовательные технологии и учебно-методическое сопровождение обучения студентов в условиях ФГОС ВПО/СПО нового поколения', '', 1, 1),
(201, 162, 5060, '2013-06-14', 72, 1, 2, 'Информатизация образования: разработка и внедрения электронных учебников, терминологических словарей', '', 1, 1),
(202, 162, 428822, '2014-04-30', 72, 1, 2, 'Современные образовательные технологии и учебно-методическое сопровождение обучения студентов в условиях ФГОС ВПО/СПО нового поколения', '', 1, 1),
(203, 188, 5088, '2013-06-26', 72, 1, 2, 'Новые формы управления образовательным процессом. Проектный подход к управлению качеством образования', '', 1, 1),
(204, 206, 5061, '2013-06-14', 72, 1, 2, 'Информатизация образования: разработка и внедрения электронных учебников, терминологических словарей', '', 1, 1),
(205, 206, 491, '2014-04-30', 72, 1, 2, 'Современные образовательные технологии и учебно-методическое сопровождение обучения студентов в условиях ФГОС ВПО/СПО нового поколения', '', 1, 1),
(206, 188, 1514, '2014-01-31', 72, 1, 2, 'Системный подход к реализации новых ФГОС и методическая работа в образовательных учреждениях СПО', '', 1, 1),
(207, 207, 5178, '2013-12-16', 72, 1, 2, 'Новые формы управления образовательным процессом. Проектный подход к управлению качеством образования', '', 1, 1),
(208, 188, 490, '2014-04-30', 72, 1, 2, 'Современные образовательные технологии и учебно-методическое сопровождение обучения студентов в условиях ФГОС ВПО/СПО нового поколения', '', 1, 1),
(209, 207, 515, '2014-04-30', 72, 1, 2, 'Современные образовательные технологии и учебно-методическое сопровождение обучения студентов в условиях ФГОС ВПО/СПО нового поколения', '', 1, 1),
(210, 219, 492, '2014-04-30', 72, 1, 2, 'Современные образовательные технологии и учебно-методическое сопровождение обучения студентов в условиях ФГОС ВПО/СПО нового поколения', '', 1, 1),
(211, 188, 1400, '2014-06-06', 36, 1, 2, 'Разработка модульно-компетентностных  программ обучения на основе профессиональных стандартов', '', 1, 1),
(212, 220, 517, '2014-04-30', 72, 1, 2, 'Современные образовательные технологии и учебно-методическое сопровождение обучения студентов в условиях ФГОС ВПО/СПО нового поколения', '', 1, 1),
(213, 209, 5142, '2013-10-03', 72, 1, 2, 'Реализация образовательных программ с применением электронного обучения, дистационных образовательных технологий', '', 1, 1),
(214, 221, 1403, '2012-11-09', 73, 1, 2, 'Налооблажение', '', 1, 1),
(215, 222, 518, '2014-04-30', 72, 1, 2, 'Современные образовательные технологии и учебно-методическое сопровождение обучения студентов в условиях ФГОС ВПО/СПО нового поколения', '', 1, 1),
(216, 223, 493, '2014-04-30', 72, 1, 2, 'Современные образовательные технологии и учебно-методическое сопровождение обучения студентов в условиях ФГОС ВПО/СПО нового поколения', '', 1, 1),
(217, 224, NULL, '2014-04-09', 72, 1, 2, 'Программирование. Введение в алгоритмы', '', 1, 1),
(218, 225, 5062, '2013-06-14', 72, 1, 2, 'Информатизация образования: разработка и внедрения электронных учебников, терминологических словарей', '', 1, 1),
(219, 199, 5032, '2012-12-29', 72, 1, 2, 'Электроника и микросистемная техника', '', 1, 1),
(220, 226, 5123, '2013-12-02', 72, 1, 2, 'Инновационная деятельность в образовании', '', 1, 1),
(221, 199, 513, '2014-04-30', 72, 1, 2, 'Современные образовательные технологии и учебно-методическое сопровождение обучения студентов в условиях ФГОС ВПО/СПО нового поколения', '', 1, 1),
(222, 156, 5013, '2012-11-29', 72, 1, 2, 'Инновационная деятельность в образовании', '', 1, 1),
(223, 200, 5199, '2013-12-12', 72, 1, 2, 'Информация образования: разработка и внедрение электронных учебных  терминологических словарей', '', 1, 1),
(224, 194, 5018, '2012-11-26', 72, 1, 2, 'Инновационная деятельность в образовании', '', 1, 1),
(225, 227, 4992, '2012-12-27', 72, 1, 2, 'Электрические машины, аппараты и автоматизированный электропривод', '', 1, 1),
(226, 201, 5060, '2013-06-14', 72, 1, 2, 'Информация образования: разработка и внедрение электронных учебных  терминологических словарей', '', 1, 1),
(227, 202, 514, '2014-04-30', 72, 1, 2, 'Современные образовательные технологии и учебно-методическое сопровождение обучения студентов в условиях ФГОС ВПО/СПО нового поколения', '', 1, 1),
(228, 3, 6100, '2014-11-21', 20, 1, 2, 'Современные технологии в преподавании иностранного языка', '', 1, 1),
(229, 90, 6331, '2014-11-27', 20, 1, 2, 'Реализация компетентностного подхода при изучении социально-экономических дисциплин в условиях ФГОС СПО', '', 1, 1),
(230, 5, 6101, '2014-11-21', 20, 1, 2, 'Современные образовательные технологии и учебно-методическое сопровождение обучения студентов в условиях ФГОС ВПО/СПО нового поколения', '', 1, 1),
(231, 95, 6118, '2014-11-23', 20, 1, 2, 'Реализация компетентностного подхода в организации самостоятельной работы студентов', '', 1, 1),
(232, 10, 6345, '2014-12-05', 72, 1, 2, 'Изучение особенностей обучения студентов педагогических специальностей психолого-педагогических дисциплин', '', 1, 1),
(233, 97, 6338, '2014-12-05', 36, 1, 2, 'Экология и рациональное природопользование', '', 1, 1),
(234, 98, 7640, '2015-09-29', 72, 1, 2, 'Реализация компетентностного подхода при изучении социально-экономических дисциплин в условиях ФГОС СПО', '', 1, 1),
(235, 228, 6354, '2014-11-22', 72, 1, 2, 'Правовое обеспечение профессиональной деятельности в профессиональном обучение', '', 1, 1),
(236, 102, 6111, '2014-11-21', 20, 1, 2, 'Современные технологии в преподавании математики и физики', '', 1, 1),
(237, 229, 6099, '2014-11-06', 32, 1, 2, 'Инновационные технологии в техническом обслуживании и ремонте подъемно-транспортных машин и автоматических систем управления', '', 1, 1),
(238, 107, 6104, '2014-11-21', 72, 1, 2, 'Современные технологии в преподавании иностранного языка', '', 1, 1),
(239, 24, 6355, '2014-11-27', 72, 1, 2, 'Современные концепции управления человеческими ресурсами', '', 1, 1),
(240, 110, 6119, '2014-11-23', 20, 1, 2, 'Реализация компетентностного подхода в организации самостоятельной работы студентов', '', 1, 1),
(241, 37, 6115, '2014-11-23', 20, 1, 2, 'Реализация компетентностного подхода в организации самостоятельной работы студентов', '', 1, 1),
(242, 119, 6358, '2014-12-01', 36, 1, 2, 'Современные проблемы и тенденции развития в области метрологии, стандартизации и сертификации', '', 1, 1),
(243, 120, 6061, '2014-11-01', 16, 1, 2, 'Актуальные проблемы управления', '', 1, 1),
(244, 39, 6360, '2014-12-09', 72, 1, 2, 'Совершенствование деятельности предприятия общественного питания в области организации питания и обслуживания на основе маркетинговой деятельности', '', 1, 1),
(245, 121, 6357, '2014-11-27', 22, 1, 2, 'Основы обороны государства', '', 1, 1),
(246, 42, 6347, '2014-12-05', 30, 1, 2, 'Современные технологии возведения зданий и сооружений', '', 1, 1),
(247, 121, 6126, '2014-11-23', 20, 1, 2, 'Вопросы преподавания филологических дисциплин в условиях ФГОС СПО', '', 1, 1),
(248, 144, 6113, '2014-11-21', 20, 1, 2, 'Современные технологии в преподавании математики и физики', '', 1, 1),
(249, 44, 6110, '2014-12-05', 30, 1, 2, 'Современные технологии в преподавание математики и физики', '', 1, 1),
(250, 155, 6348, '2014-12-05', 20, 1, 2, 'Система автоматизированного проектирования для выполнения чертежей и схем по специальности', '', 1, 1),
(251, 230, 6334, '2014-11-21', 20, 1, 2, 'Современные технологии в преподавании математики и физики', '', 1, 1),
(252, 214, 6727, '2015-03-09', 72, 1, 2, 'Организация и методическое обеспечение учебно-производственного процесса обучающихся по профессиям рабочих', '', 1, 1),
(253, 157, 6093, '2014-11-13', 36, 1, 2, 'Преподавание дисциплины \"Сопротивление материалов\" в условиях ФГОС СПО', '', 1, 1),
(254, 48, 6342, '2014-12-05', 30, 1, 2, 'Организация и современные технологии производства слесарно-сборочных работ', '', 1, 1),
(255, 160, 6106, '2014-11-21', 20, 1, 2, 'Современные технологии в преподавании иностранного языка', '', 1, 1),
(256, 50, 6088, '2014-11-13', 36, 1, 2, 'Автоматизированное проектирование электронных устройств', '', 1, 1),
(257, 161, 6130, '2014-11-23', 20, 1, 2, 'Аналитический контроль в металлургической промышленности', '', 1, 1),
(258, 51, 6116, '2014-11-23', 20, 1, 2, 'Реализация компетентностного подхода в организации самостоятельной работы студентов', '', 1, 1),
(259, 164, 6087, '2014-11-13', 36, 1, 2, 'Аппаратные и программные средства вычислительной техники', '', 1, 1),
(260, 56, 6123, '2014-11-23', 20, 1, 2, 'Вопросы преподавания филологических дисциплин в условиях ФГОС СПО', '', 1, 1),
(261, 172, 6107, '2014-11-21', 20, 1, 2, 'Современные технологии в преподавании иностранного языка', '', 1, 1),
(262, 174, 6073, '2014-11-01', 16, 1, 2, 'Актуальные проблемы управления', '', 1, 1),
(263, 61, 6356, '2014-11-23', 36, 1, 2, 'Современные технологии производства холоднокатанного металла', '', 1, 1),
(264, 177, 6373, '2014-12-24', 30, 1, 2, 'Изучение современных технологий и проектно-конструкторской документации производства метизной продукции', '', 1, 1),
(265, 65, 6094, '2014-11-13', 72, 1, 2, 'Эффективность финансово-хозяйственной деятельности предприятия', '', 1, 1),
(266, 180, 6335, '2014-11-21', 20, 1, 2, 'Современные технологии в преподавании математики и физики', '', 1, 1),
(267, 182, 6350, '2014-12-05', 36, 1, 2, 'Современные технологии производства электромонтажных работ', '', 1, 1),
(268, 67, 6096, '2014-10-30', 72, 1, 2, 'Организация деятельности производственного подразделения на примере сортового цеха ОАО \"ММК\"', '', 1, 1),
(269, 78, 7118, '2015-04-23', 36, 1, 2, 'Разработка требований к программному обеспечению', '', 1, 1),
(270, 186, 6332, '2014-11-27', 20, 1, 2, 'Реализация компетентностного подхода при изучении социально-экономических дисциплин в условиях ФГОС СПО', '', 1, 1),
(271, 81, 7261, '2015-04-25', 36, 1, 2, 'Нестандартные периферийные устройства. Особенности их подключения', '', 1, 1),
(272, 218, 6377, '2014-12-25', 30, 1, 2, 'Современные материалы, применяемые при ремонте и обслуживании электрооборудования', '', 1, 1),
(273, 187, 6353, '2014-11-27', 36, 1, 2, 'Современные системы смазывания промышленного оборудования ЛПЦ-11 ОАО \"ММК\"', '', 1, 1),
(274, 231, 7644, '2013-09-29', 72, 1, 2, 'Особенности конструктивных решений промышленных зданий и зданий транспортного назначения', '', 1, 1),
(275, 190, 6376, '2014-12-19', 32, 1, 2, 'Безопасность жизнедеятельности. Негативные факторы производственной среды', '', 1, 1),
(276, 84, 6378, '2014-11-27', 20, 1, 2, 'Реализация компетентностного подхода при изучении социально-экономических дисциплин в условиях ФГОС СПО', '', 1, 1),
(277, 232, 6374, '2014-12-24', 36, 1, 2, 'Результаты деятельности субъектов предпринимательства', '', 1, 1),
(278, 84, 6330, '2014-11-27', 20, 1, 2, 'Реализация компетентностного подхода при изучении социально-экономических дисциплин в условиях ФГОС СПО', '', 1, 1),
(279, 87, 6117, '2014-11-21', 20, 1, 2, 'Современные технологии в преподавании иностранного языка', '', 1, 1),
(280, 199, 6091, '2014-11-13', 36, 1, 2, 'Структуры и алгоритмы компьютерной обработки данных', '', 1, 1),
(281, 89, 6117, '2014-11-23', 20, 1, 2, 'Реализация компетентностного подхода в организации самостоятельной работы студентов', '', 1, 1),
(282, 199, 7119, '2015-04-23', 36, 1, 2, 'Разработка требований к программному обеспечению', '', 1, 1),
(283, 233, 6114, '2014-11-21', 20, 1, 2, 'Современные технологии в преподавании математики и физики', '', 1, 1),
(284, 206, 6341, '2014-12-05', 72, 1, 2, 'Современные грузоподъемные машины ЛПЦ-11 ОАО \"ММК\"', '', 1, 1),
(285, 206, 6341, '2014-12-05', 72, 1, 2, 'Современные грузоподъемные машины ЛПЦ-11 ОАО \"ММК\"', '', 1, 1),
(286, 234, 6108, '2014-11-21', 20, 1, 2, 'Современные технологии в преподавании иностранного языка', '', 1, 1),
(287, 235, 6375, '2014-12-18', 32, 1, 2, 'Современные технологии в преподавании иностранного языка', '', 1, 1),
(288, 222, 6098, '2014-11-01', 36, 1, 2, 'Планирование организации работы структурных подразделения предприятия', '', 1, 1),
(289, 236, 6547, '2015-02-14', 20, 1, 2, 'Документооборот с использованием технических средств', '', 1, 1),
(290, 8, 6339, '2014-12-05', 36, 1, 2, 'Современные мягкие перманентные красители без аммиака на масляной основе система Profession Zero Amm', '', 1, 1),
(291, 69, 6344, '2014-12-05', 30, 1, 2, 'Организация и современные технологии производства слесарно-сборочных работ', '', 1, 1),
(292, 80, 6349, '2014-12-05', 36, 1, 2, 'Современные технологии производства электромонтажных работ', '', 1, 1),
(293, 80, 6343, '2014-12-05', 30, 1, 2, 'Организация и современные технологии производства слесарно-сборочных работ', '', 1, 1),
(294, 169, 6340, '2014-12-05', 72, 1, 2, 'Инновационные методы приготовления и оформления горячих блюд и закусок', '', 1, 1),
(295, 237, 9388, '2016-05-06', 72, 2, 6, 'Современные КИПиА', 'ПМ.03', 22, 2),
(297, 112, 9390, '2016-06-30', 72, 2, 26, 'Техническое обслуживание и ремонт компьютерных систем и комплексов', 'ПМ 03 Техническое обслуживание и  ремонт компьютерных систем и комплексов', 17, 2),
(298, 208, 8132, '2015-12-29', 20, 2, 4, 'Повышение эффективности оценки результата деятельности персонала', 'ПМ.02 Организация деятельности коллектива исполнителей', 5, 2),
(299, 4, 8252, '2016-01-27', 72, 2, 8, 'Организация работы кондитерского цеха', 'ПМ.04 Органзация процесса приготовления и приготовления хлебобулочных,мучных кондитерских изделий', 23, 2),
(300, 85, 9391, '2016-06-30', 72, 2, 24, 'Организация документационного обеспечения управления и функционирования организации', 'ПМ 01 Организация документационного обеспечения управления и функционирования организации', 24, 2),
(301, 238, 8257, '2016-01-27', 72, 2, 12, 'Технологические процессы и организация работ по техническому обслуживанию и ремонту автомобилей', 'ПМ.04 Выполнение работ по профессии Слесарь по ремонту дорожно-строительных машин и тракторов', 6, 2),
(303, 150, 8254, '2016-01-27', 72, 2, 7, 'Особенности организации эффективной наладки подъемно-транспортных машин и оборудования', 'ПМ.02Техническое обслуживание и ремонт подъемно-транспортных, строительных, дорожных машин и оборудо', 6, 2),
(304, 240, 9088, '2016-04-06', 72, 2, 20, 'Актуальные тенденции в дизайне прически различной длины', 'ПМ 04 Постановка и решение технологических и художественных задач в сфере парикмахерских услуг', 10, 2),
(305, 53, 9089, '2016-04-06', 20, 2, 21, 'Работа в системе \"Гео-информационные системы\"', 'ПМ 03 \"Картографо-геодезическое сопровождение\"', 1, 2),
(306, 55, 8399, '2016-02-12', 36, 2, 15, 'Планирование, организация и экономические процессы в листопрокатных цехах ОАО \"ММК\"', 'ПМ 01 Планирование и организация работы цеха обработки металлов', 4, 2),
(307, 241, 9090, '2016-04-06', 72, 2, 22, 'Технологические процессы и организация выполнения работ по профессии Электросварщик ручной сварки', 'ПМ 05 Выполнение работ по профессии Электросварщик ручной сварки', 11, 2),
(308, 42, 8267, '2016-02-01', 72, 2, 14, 'Основные требования к проектной документации в строительстве', 'ПМ.01 Участие в проектировании зданий и сооружений', 1, 2),
(309, 72, 8268, '2016-02-01', 72, 2, 14, 'Основные требования к проектной документации в строительстве', 'ПМ.05 Выполнение работ по профессии \"Каменщик\" п', 1, 2),
(310, 202, 8273, '2016-02-01', 72, 2, 14, 'Основные требования к проектной документации в строительстве', 'ПМ 02 Выполнение технологических процессов при строительстве, эксплуатации и реконструкции строитель', 1, 2),
(311, 88, 8269, '2016-02-01', 72, 2, 14, 'Основные требования к проектной документации в строительстве', 'ПМ.04 Организация видов работ при эксплуатации и реконструкции строительных объектов', 1, 2),
(312, 226, 8261, '2016-01-27', 72, 2, 16, 'Испытание строительных материалов', 'ПМ  01 Участие а проектировании зданий и сооружений', 1, 2),
(313, 162, 8262, '2016-01-27', 36, 2, 17, 'правовые аспекты организации деятельности структурных подразделений организации', 'ПМ.03 Организация деятельности структурных подразделений', 1, 2),
(314, 227, 9389, '2016-05-06', 72, 2, 11, 'Реализация профессиональных компетенций Электромонтера при обслуживании систем электроснабжения', 'ПМ 01 Организация технического обслуживания и ремонта электрического и электромеханического оборудов', 19, 2),
(315, 28, 8599, '2016-03-21', 36, 2, 18, 'Обработка информации на ЭВМ', 'ПМ 04 Выполнение работ  по профессии оператор электронно-вычислительных машин', 17, 2),
(316, 125, 8270, '2016-02-01', 72, 2, 14, 'Основные требования к проектной документации в строительстве', 'ОП 01 Инженерная графика', 1, 2),
(317, 178, 8137, '2015-12-29', 36, 2, 13, 'проведение экспертизы качества при закупках, хранении и реализации товаров', 'ПМ.02 Организация и проведение экспертизы оценки качестватоваров', 8, 2),
(318, 195, 8272, '2016-02-01', 72, 2, 14, 'Основные требования к проектной документации в строительстве', 'ПМ.05 Выполнение работ по профессии \"Каменщик\"', 1, 2),
(319, 132, 8398, '2016-02-12', 36, 2, 11, 'Реализация профессиональных компетенций Электромонтера при обслуживании электроприборов', 'ПМ 01 Организация технического обслуживания и ремонта электрического и электромеханического оборудов', 19, 2),
(320, 204, 8275, '2016-02-01', 72, 2, 14, 'Основные требования к проектной документации в строительстве', 'ОП.01 Инженерная графика', 1, 2),
(321, 156, 8271, '2016-02-01', 72, 2, 14, 'Основные требования к проектной документации в строительстве', 'ПМ 05 Выполнение работ по профессии Штукатур', 1, 2),
(322, 203, 8274, '2016-02-01', 72, 2, 14, 'Основные требования к проектной документации в строительстве', 'ПМ.02 Выполнение технологических процессов при строительстве, экслуатации и реконструкции строительн', 1, 2),
(323, 189, 9086, '2016-04-06', 72, 2, 29, 'Организация архивной и справочно-информационной работы по документам организации', 'ПМ.02 Организация архивной и справочно-информационной работы по документам организации', 1, 2),
(324, 184, 8260, '2016-01-27', 36, 2, 15, 'Обеспечение экологической и промышленной безопасности на ОАО\"ММК\"', 'ПМ 05 Обеспечение экологической и промышленной безопасности', 4, 2),
(325, 221, 9087, '2016-04-06', 36, 2, 30, 'Разработка проекта и управление его предметной властью', 'МДК 04.02', 16, 2),
(326, 242, 9085, '2016-04-06', 72, 2, 31, 'Выполнение работ по должности кассир', 'ПМ.05 Выполнение работ по должности \"Кассир\"', 7, 2),
(327, 243, 9387, '2016-05-06', 72, 2, 32, 'Ведение бухгалтерского учета источников формирования имущества организации с применением информационных технологий', 'ПМ.02 Выполнение бухгалтерского учета источников формирования имущества, выолнение работ по инвентар', 7, 2),
(328, 154, 8136, '2015-12-29', 30, 2, 13, 'Проведение экспертизы качества при закупках, хранении и реализации товаров', 'ПМ 02 Организация и проведение экспертизы оценки качества товаров', 8, 2),
(329, 173, 8135, '2015-12-29', 36, 2, 10, 'Организация ремонтных работ промышленного оборудования и контроль за ними', 'ПМ 01 Организация и проведение монтажа и ремонта промышленного оборудования', 20, 2),
(330, 7, 8397, '2016-02-12', 36, 2, 11, 'Реализация профессиональных компетенций Электромонтера при обслуживании кранового оборудования', 'ПМ 01 Организация технического обслуживания и ремонта электрического и электромеханического оборудов', 19, 2),
(331, 15, 8134, '2015-12-29', 20, 2, 13, 'Коммерческая деятельность по закупкам и реализации товаров в сфере товарного обращения', 'ОП 01 Основы коммерческой деятельности', 8, 2),
(332, 27, 8266, '2016-02-01', 72, 2, 14, 'Основные требования к проектной документации в строительстве', 'ПМ 02 Выполнение технологических процессов при строительстве, эксплуатации и реконструкции строитель', 1, 2),
(333, 66, 8258, '2016-01-27', 20, 2, 5, 'Гранд-смета', 'ПМ 02 Осуществление кадастровых операций', 2, 2),
(334, 76, 8601, '2016-03-21', 72, 2, 19, 'Особенности планирования финансовой деятельности ЗАО \"Ай=Ти Сервис Маг\"', 'ОП.01 Экономика организации', 7, 2),
(335, 198, 8259, '2016-01-27', 20, 2, 6, 'Менеджмент', 'ОП 04 Основы менеджмента и маркетинга', 2, 2),
(336, 79, 8602, '2016-03-21', 72, 2, 23, 'Геодезическое обеспечение строительства', 'ОП.04 Основы геодезии', 1, 2),
(337, 43, 8253, '2016-01-27', 72, 2, 7, 'Особенности организации эффективной наладки подъемно-транспортных машин и оборудования', 'Пм 02 Техническое обслуживание и ремонт подъемно-транспортных, строительных, дорожных машин и оборуд', 1, 2),
(338, 138, 8603, '2016-03-21', 72, 2, 3, 'Ремонт одежды', 'ПМ.05 Выполнение работ по профессии \"Портной\"', 11, 2),
(339, 201, 8133, '2015-12-29', 20, 2, 28, 'Актуальное в проведении технической инвентаризации объектов недвижимости', 'ПМ.04 Оценка недвижимого имущества', 2, 2),
(340, 93, 8255, '2016-01-27', 72, 2, 8, 'Оснащение предприятия общественного питания современным технологическим оборудованием', 'ПМ 04 Организация процесса приготовления и приготовление сложных хлебобулочных, мучных, кондитерских', 23, 2),
(341, 244, 9505, '2016-06-30', 72, 2, 33, 'Автоматизация технологическихз процессов в современных условиях производства', 'ПМ 01 Контроль и метрологическое обеспечение средств и систем автоматизации', 22, 2),
(342, 104, 8256, '2016-01-27', 72, 2, 9, 'Организация производственной деятельности структурного подразделения', 'ПМ 03 Участие в организации производственной деятельности структурного подразделения', 1, 2),
(344, 14, 9092, '2016-04-06', 20, 2, 2, 'Современные технологии в преподавании математики', '', 1, 2),
(345, 245, 9093, '2016-04-14', 102, 2, 1, 'Актуальные вопросы преподавания филологических дисциплин в условиях реализации ФГОС СПО', '', 1, 2),
(346, 83, 9404, '2016-05-23', 102, 2, 2, 'Реализация компетентностного подхода при изучении социально-экономических дисциплин в условиях ФГОС СПО', '', 1, 2),
(347, 246, 9406, '2016-05-23', 102, 2, 2, 'Реализация компетентностного подхода при изучении социально-экономических дисциплин в условиях ФГОС СПО', '', 1, 2),
(348, 171, 9091, '2016-04-06', 20, 2, 1, 'Современны технологии в преподавании Математики', '', 1, 2),
(349, 152, 9084, '2016-04-06', 72, 2, 2, 'Программирование баз данных в Delphi', '', 1, 2),
(350, 126, 9405, '2016-05-23', 102, 2, 1, 'Реализация компетентного подхода при изучении социально-экономических дисциплин в условиях ФГОС', '', 1, 2),
(351, 79, 8528, '2016-02-25', 40, 1, 2, 'КОМПАС-3D', '', 1, 1),
(352, 70, 8600, '2016-03-21', 36, 2, 1, 'Изучение процесса изготовления обуви на Магнитогорской обувной фабрике', 'ПМ.05 Выполнение работ по профессии Портной', 13, 2),
(353, 29, 8515, '2016-02-25', 40, 1, 2, 'КОМПАС-3D', '', 1, 1),
(354, 163, 8521, '2016-02-20', 40, 1, 1, 'КОМПАС 3D', '', 1, 1),
(355, 203, 8532, '2016-02-25', 40, 1, 2, 'КОМПАС-3D', '', 1, 1),
(356, 205, 8533, '2016-02-25', 40, 1, 2, 'КОМПАС-3D', '', 1, 1),
(357, 42, 8527, '2016-02-25', 40, 1, 1, 'КОМПАС 3D', '', 1, 1),
(358, 125, 8529, '2016-02-25', 40, 1, 1, 'КОМПАС 3D', '', 1, 1),
(359, 34, 8594, '2016-03-18', 72, 1, 2, 'Психолого-педагогические и медико-биологические аспекты учебно-тренировочного професса в избранном виде спорта', '', 1, 1),
(360, 226, 8534, '2016-02-25', 40, 1, 1, 'КОМПАС 3D', '', 1, 1),
(361, 68, 8596, '2016-03-18', 72, 1, 2, 'Психолого-педагогические и медико-биологические аспекты учебно-тренировочного професса в избранном виде спорта', '', 1, 1),
(362, 247, 8526, '2016-02-20', 40, 1, 2, 'КОМПАС-3D', '', 1, 1),
(363, 37, 8595, '2016-03-18', 72, 1, 1, 'Психолого-педагогические и медико-биологические аспекты учебно-тренировочного процесса в избранном виде спорта', '', 1, 1),
(364, 110, 8598, '2016-03-18', 72, 1, 1, 'Психолого-педагогические и медико-биологические аспекты учебно-тренировочного процесса в избранном виде спорта', '', 1, 1),
(365, 221, 100930251, '2016-01-02', 72, 1, 2, 'Язык программирования С++', '', 1, 1),
(366, 89, 8597, '2016-03-18', 72, 1, 1, 'Психолого-педагогические и медико-биологические аспекты учебно-тренировочного процесса в избранном виде спорта', '', 1, 1),
(367, 143, 8519, '2016-02-20', 40, 1, 1, 'Компас 3D', '', 1, 2),
(368, 195, 8531, '2016-02-25', 40, 1, 1, 'Компас 3D', '', 1, 2),
(369, 105, 9513, '2016-07-07', 36, 2, 11, 'Применение информационных технологий в работе электромонтеров ООО «ОСК»', 'ОП Информационные технологии в профессиональной деятельности', 19, 2),
(370, 1, 9501, '2016-06-30', 72, 2, 35, 'Исследование деятельности юридического отдела ООО', 'МКД.01.02. Правовое регулирование управленческой деятельности', 24, 2),
(371, 45, 9502, '2016-06-30', 72, 2, 24, 'Информационные технологии в ДОУ и архивном деле', 'Информационные технологии в документационном обеспечении управления и архивном деле', 24, 2),
(372, 112, 9503, '2016-06-30', 72, 2, 26, 'Техническое обслуживание и ремонт компьютерных систем и комплексов', 'ПМ 03 Техническое обслуживание и ремонт компьютерных систем и комплексов', 17, 2),
(373, 156, 8520, '2016-02-25', 40, 1, 1, 'Компас 3D', '', 1, 2),
(374, 123, 7641, '2015-09-29', NULL, 2, 1, 'Реалищация компетентностного подхода при изучении ПМ в условиях ФГОС СПО', '', 1, 2),
(375, 48, 8517, '2016-02-20', NULL, 1, 1, 'Компас 3D', '', 1, 2),
(376, 205, 0, '2015-06-17', NULL, 3, 2, 'Теория и методика педагогической деятельности', '', 1, 1),
(377, 107, 0, '2016-06-08', NULL, 1, 1, 'Психология общения', '', 1, 1),
(378, 107, 1110001, '2016-06-08', NULL, 1, 1, 'Основы разработки ЭОР', '', 1, 1),
(379, 18, 100812282, '2014-10-25', NULL, 1, 37, 'Микроэкономика для бизнес-администрирования', '', 25, 2),
(380, 32, 359, '2016-08-05', NULL, 1, 36, 'Системный подход к формированию и представлению педагогического опыта в контексте ФГОС', '', 11, 1),
(381, 213, 0, '2016-03-07', NULL, 3, 38, 'Педагогическое образование: экология в общеобразовательных организациях и организациях профессионального образования', '', 25, 1),
(382, 78, NULL, '2016-08-25', 72, 1, 37, 'Практикум по программированию на JavaScript', '', 25, 4),
(383, 78, 0, '2016-08-25', NULL, 1, 37, 'Проектирование информационных систем в Microsoft SQL Server 2008', '', 17, 1),
(384, 133, 0, '2015-12-25', NULL, 3, 2, 'Менеджмент в образовании', '', 25, 3),
(385, 177, 8522, '2016-02-20', 40, 1, 2, 'Компас 3D', '', 1, 2),
(386, 142, 8518, '2014-02-20', NULL, 1, 2, 'Компас 3D', '', 25, 2),
(387, 243, 347, '2016-07-28', NULL, 1, 39, 'Кассир торгового зала', '', 7, 2),
(388, 140, 0, '2014-09-01', NULL, 3, 2, 'Информатика и вычислительная техника', '', 25, 1),
(389, 249, 8420, '2016-02-15', NULL, 1, 2, 'Современные подходы к преподаванию экономических и управленческих дисциплин в вузе', '', 25, 2),
(390, 166, 683, '2016-04-07', NULL, 1, 40, 'Проектирование и реализация ООП в системе проф образования с учетом российских и международных стандартов подготовки рабочих кадров WorldSkills', '', 3, 1),
(391, 166, 6975, '2015-03-13', NULL, 2, 2, 'Современные технологии получения чугуна высокого качества', '', 3, 2),
(392, 217, 2409, '2016-01-25', NULL, 3, 2, 'Государственное и муниципальное управление', '', 25, 3),
(393, 67, 6096, '2016-01-27', 72, 1, 2, 'Ценообразование в строительном комплексе', '', 25, 2),
(394, 167, 5059, '2014-05-14', NULL, 3, 2, 'Менеджмент в образовании', '', 25, 3),
(395, 135, 5541, '2013-01-01', 72, 2, 2, 'Листопрокатное производство', '', 3, 2),
(396, 248, 5797, '2014-10-30', 16, 2, 2, 'Инновационные ресурсосберегающие технологии в металлургии', '', 3, 2),
(397, 187, 8523, '2016-02-20', 40, 1, 2, 'Компас 3D', '', 25, 2),
(398, 209, 8525, '2016-02-20', 40, 1, 2, 'Компас 3D', '', 1, 2),
(399, 250, 100995857, '2016-10-02', 72, 1, 37, 'Введение в грамматику английского языка', '', 25, 2),
(400, 224, 10231, '2016-11-18', 72, 1, 2, 'Современные подходы к управлению в ВУЗе', '', 25, 3);
INSERT INTO `pk` (`id_pk`, `educator_id`, `Doc_num`, `Doc_date`, `num_hours`, `kind_tr_id`, `institution_id`, `Program`, `professional_module`, `specialty_id`, `training_direction_id`) VALUES
(401, 220, 10242, '2016-11-18', 72, 1, 2, 'Современные подходы к управлению в ВУЗе', '', 25, 3),
(402, 142, 10198, '2016-11-18', 72, 1, 2, 'Современные подходы к управлению в ВУЗе', '', 25, 3),
(403, 188, 10229, '2016-11-18', 72, 1, 2, 'Современные подходы к управлению в ВУЗе', '', 25, 3),
(404, 181, 10222, '2016-11-18', 72, 1, 2, 'Современные подходы к управлению в ВУЗе', '', 25, 3),
(405, 5, 546, '2017-12-15', 7, 2, 15, '777777777е', 'еерре', 14, 1);

-- --------------------------------------------------------

--
-- Table structure for table `pk_pck`
--

CREATE TABLE `pk_pck` (
  `id_PK_PCK` bigint(20) UNSIGNED NOT NULL,
  `PK_PCKname` varchar(200) NOT NULL,
  `chairman` varchar(200) NOT NULL
) ENGINE=InnoDB DEFAULT CHARSET=utf8;

--
-- Dumping data for table `pk_pck`
--

INSERT INTO `pk_pck` (`id_PK_PCK`, `PK_PCKname`, `chairman`) VALUES
(0, '-', '-'),
(1, 'блабла', 'блауцувацуацууцццццццццццццццццццццц'),
(2, 'что то', 'кто то');

-- --------------------------------------------------------

--
-- Table structure for table `post`
--

CREATE TABLE `post` (
  `id_post` bigint(20) UNSIGNED NOT NULL,
  `title_job` varchar(50) NOT NULL
) ENGINE=InnoDB DEFAULT CHARSET=utf8;

--
-- Dumping data for table `post`
--

INSERT INTO `post` (`id_post`, `title_job`) VALUES
(0, '-'),
(1, 'Преподаватель'),
(2, 'Мастер производственного обучения'),
(3, 'Заведующий отделением'),
(4, 'Методист'),
(6, 'Заведущий учебно-лабораторным комплексом'),
(7, 'Старший методист'),
(8, 'Руководитель физвоспитания'),
(9, 'Старший мастер производственного обучения'),
(10, 'Старший диспетчер'),
(11, 'Старший мастер'),
(12, 'Заведущий методическим сектором'),
(13, 'Заместитель директора по УМР'),
(14, 'Зам. директора МпК по УПР'),
(15, 'Нач. ОМОД и Р СПО'),
(16, 'Начальник учебно-методической части'),
(17, 'Директор');

-- --------------------------------------------------------

--
-- Table structure for table `specialty`
--

CREATE TABLE `specialty` (
  `id_specialty` bigint(20) UNSIGNED NOT NULL,
  `title_specialty` varchar(20) DEFAULT NULL,
  `name_specialty` varchar(200) DEFAULT NULL
) ENGINE=InnoDB DEFAULT CHARSET=utf8;

--
-- Dumping data for table `specialty`
--

INSERT INTO `specialty` (`id_specialty`, `title_specialty`, `name_specialty`) VALUES
(1, '08.02.01', 'Строительство и эксплуатация зданий и сооружений'),
(2, '21.02.05', 'Земельно-имущественные отношения'),
(3, '22.02.01', 'Металлургия черных металлов'),
(4, '22.02.05', 'Обработка металлов давлением'),
(5, '23.02.03', 'Техническое обслуживание и ремонт автомобильного транспорта'),
(6, '23.02.04', 'Техническая эксплуатация подъемно-транспортных, строительных, дорожных машин и оборудования (по отраслям)'),
(7, '38.02.01', 'Экономика и бухгалтерский учет (по отраслям)'),
(8, '38.02.05', 'Товароведение и экспертиза качества потребительских товаров'),
(9, '43.02.01', 'Организация обслуживания в общественном питании'),
(10, '43.02.02', 'Парикмахерское искусство (углубленная подготовка)'),
(11, '44.02.06', 'Профессиональное обучение. Конструирование, моделирование и технология швейных изделий'),
(12, '08.02.09', 'Монтаж, наладка и эксплуатация электрооборудования промышленных и гражданских зданий'),
(13, '44.02.06.1', 'Профессиональное обучение.Техническое обслуживание и ремонт автомобильного транспорта'),
(14, '44.02.06.2', 'Профессиональное обучение. Сварочное производство'),
(15, '44.02.06.3', 'Профессиональное обучение. Парикмахерское искусство'),
(16, '09.02.03', 'Программирование в компьютерных системах (углубленная подготовка)'),
(17, '09.02.01', 'Компьютерные системы и комплексы'),
(18, '09.02.03', 'Программирование в компьютерных системах'),
(19, '13.02.11', 'Техническая эксплуатация и обслуживание электрического и электромеханического оборудования (по отраслям)'),
(20, '15.02.01', 'Монтаж и техническая эксплуатация промышленного оборудования (по отраслям)'),
(21, '15.02.03', 'Техническая эксплуатация гидравлических машин, гидроприводов и гидропневмоавтоматики'),
(22, '15.02.07', 'Автоматизация технологических процессов и производств (по отраслям)'),
(23, '19.02.10', 'Технология продукции общественного питания'),
(24, '46.02.01', 'Документационное обеспечение управления и архивоведение'),
(25, NULL, NULL);

-- --------------------------------------------------------

--
-- Table structure for table `tables`
--

CREATE TABLE `tables` (
  `id` bigint(20) UNSIGNED NOT NULL,
  `name` varchar(50) NOT NULL,
  `ru` varchar(50) NOT NULL,
  `type` varchar(50) NOT NULL,
  `kind_tool` varchar(50) NOT NULL,
  `required` tinyint(1) NOT NULL DEFAULT '1',
  `where` varchar(50) NOT NULL,
  `what` varchar(50) NOT NULL,
  `onfield` varchar(50) NOT NULL
) ENGINE=InnoDB DEFAULT CHARSET=utf8;

--
-- Dumping data for table `tables`
--

INSERT INTO `tables` (`id`, `name`, `ru`, `type`, `kind_tool`, `required`, `where`, `what`, `onfield`) VALUES
(1, 'id_education', '', 'hidden', 'input', 1, '', '', ''),
(2, 'educator_id', 'Преподаватель', '', 'select', 1, 'educators', 'Surname,\' \',Ename,\' \',Patronomic', 'id_educator'),
(3, 'level_id', 'Уровень образования', '', 'select', 1, 'level_education', 'levelname', 'id_level'),
(4, 'educ_organization', 'Образовательная организация', 'text', 'input', 1, '', '', ''),
(5, 'educ_specialty', 'Специальность преподавателя', 'text', 'input', 1, '', '', ''),
(6, 'qualification', 'Квалификация', 'text', 'input', 0, '', '', ''),
(7, 'year_end', 'Год окончания обучения', 'text', 'input', 1, '', '', ''),
(8, 'title_job', 'Наименование', 'text', 'input', 1, '', '', ''),
(9, 'title_specialty', 'Шифр', 'text', 'input', 1, '', '', ''),
(10, 'name_specialty', 'Наименование', 'text', 'input', 1, '', '', ''),
(11, 'certificationname', 'Наименование', 'text', 'input', 1, '', '', ''),
(12, 'id_pk', '', 'hidden', 'input', 1, '', '', ''),
(13, 'Doc_num', 'Документ, подтверждающий повышение квалификации', 'number', 'input', 1, '', '', ''),
(14, 'Doc_date', 'Срок прохождения', 'date', 'input', 1, '', '', ''),
(15, 'num_hours', 'Кол-во часов', 'number', 'input', 1, '', '', ''),
(16, 'kind_tr_id', 'Форма прохождения', '', 'select', 1, 'kind_training', 'title_kind', 'id_kind_training'),
(17, 'institution_id', 'Место прохождения', '', 'select', 1, 'institution', 'title_institution', 'id_institution'),
(18, 'Program', 'Наименование программы', 'text', 'input', 1, '', '', ''),
(19, 'professional_module', 'Принадлежность профессиональному модулю', 'text', 'input', 1, '', '', ''),
(20, 'specialty_id', 'Специальность', '', 'select', 1, 'specialty', 'title_specialty,\' \',name_specialty', 'id_specialty'),
(21, 'training_direction_id', 'Направление подготовки', '', 'select', 1, 'training_direction', 'title_direction', 'id_training_direction'),
(22, 'srok', 'srok', 'hidden', 'input', 1, '', '', ''),
(23, 'id_educator', '', 'hidden', 'input', 1, '', '', ''),
(24, 'Surname', 'Фамилия', 'text', 'input', 1, '', '', ''),
(25, 'Ename', 'Имя', 'text', 'input', 1, '', '', ''),
(26, 'Patronomic', 'Отчество', 'text', 'input', 1, '', '', ''),
(27, 'birthday', 'Дата рождения', 'date', 'input', 1, '', '', ''),
(28, 'date_start_employment', 'Дата начала трудовой деятельности', 'date', 'input', 1, '', '', ''),
(29, 'date_start_education_activ', 'Дата начала педагогической деятельности', 'date', 'input', 1, '', '', ''),
(30, 'academic_id', 'Ученая степень', '', 'select', 1, 'academic_degree', 'academicname', 'id_academic'),
(31, 'academictitle_id', 'Ученое звание', '', 'select', 1, 'academic_title', 'academictitle', 'id_academictitle'),
(32, 'post_id1', 'Должность 1', '', 'select', 1, 'post', 'title_job', 'id_post'),
(33, 'post_id2', 'Должность 2', '', 'select', 1, 'post', 'title_job', 'id_post'),
(34, 'category_id', 'Категория', '', 'select', 1, 'category', 'categoryname', 'id_category'),
(35, 'office_id', 'Отделение', '', 'select', 1, 'office', 'officename', 'id_office'),
(36, 'pk_pck_id', 'ПК / ПЦК', '', 'select', 1, 'pk_pck', 'PK_PCKname', 'id_pk_pck'),
(38, 'id_working', '', 'hidden', 'input', 1, '', '', ''),
(39, 'status', 'Статус', 'text', 'enum', 1, '', '', ''),
(40, 'id_validation', '', 'hidden', 'input', 1, '', '', ''),
(41, 'certification_id', 'Вид аттестации', '', 'select', 1, 'certification', 'certificationname', 'id_certification'),
(42, 'date_validation', 'Дата аттестации', 'date', 'input', 1, '', '', ''),
(43, 'num_order', 'Номер приказа', 'text', 'input', 1, '', '', ''),
(44, 'commissioner1', 'Член комиссии 1', '', 'select', 1, 'educators', 'Surname,\' \',Ename,\' \',Patronomic', 'id_educator'),
(45, 'commissioner2', 'Член комиссии 2', '', 'select', 1, 'educators', '	\nSurname,\' \',Ename,\' \',Patronomic', 'id_educator'),
(46, 'commissioner3', 'Член комиссии 3', '', 'select', 1, 'educators', '	\nSurname,\' \',Ename,\' \',Patronomic', 'id_educator'),
(47, 'category_order_id', 'Категория по приказу', '', 'select', 1, 'category', 'categoryname', 'id_category'),
(48, 'id_PK_PCK', '', 'hidden', 'input', 1, '', '', ''),
(49, 'PK_PCKname', 'Наименование ПК/ПЦК', 'text', 'input', 1, '', '', ''),
(50, 'chairman', 'Председатель ПК/ПЦК', 'text', 'input', 1, '', '', ''),
(51, 'officehead', 'Заведующий отделения', 'text', 'input', 1, '', '', ''),
(52, 'title_institution', 'Наименование', 'text', 'input', 1, '', '', ''),
(53, 'title_kind', 'Наименование', 'text', 'input', 1, '', '', ''),
(54, 'title_direction', 'Наименование', 'text', 'input', 1, '', '', ''),
(55, 'levelname', 'Уровень образования', 'text', 'input', 1, '', '', ''),
(56, 'categoryname', 'Наименование категории', 'text', 'input', 1, '', '', ''),
(57, 'academicname', 'Наименование ученой степени', 'text', 'input', 1, '', '', ''),
(58, 'academictitle', 'Наименование ученого звания', 'text', 'input', 1, '', '', ''),
(59, 'id', '', 'hidden', 'input', 1, '', '', ''),
(60, 'usurname', 'Фамилия', 'text', 'input', 1, '', '', ''),
(61, 'uname', 'Имя', 'text', 'input', 1, '', '', ''),
(62, 'upatrnomic', 'Отчество', 'text', 'input', 1, '', '', ''),
(63, 'phone', 'Телефон', 'text', 'input', 1, '', '', ''),
(64, 'mail', 'E-mail', 'email', 'input', 1, '', '', ''),
(65, 'login', 'Логин', 'text', 'input', 1, '', '', ''),
(66, 'upassword', 'Пароль', 'password', 'input', 1, '', '', ''),
(67, 'officename', 'Наименование', 'text', 'input', 1, '', '', ''),
(68, 'id_level', '', 'hidden', 'input', 1, '', '', ''),
(69, 'id_category', '', 'hidden', 'input', 1, '', '', ''),
(70, 'id_certification', '', 'hidden', 'input', 1, '', '', ''),
(71, 'id_post', '', 'hidden', 'input', 1, '', '', ''),
(72, 'id_academic', '', 'hidden', 'input', 1, '', '', ''),
(73, 'id_academictitle', '', 'hidden', 'input', 1, '', '', ''),
(74, 'id_office', '', 'hidden', 'input', 1, '', '', ''),
(75, 'id_institution', '', 'hidden', 'input', 1, '', '', ''),
(76, 'id_specialty', '', 'hidden', 'input', 1, '', '', ''),
(77, 'id_training_direction', '', 'hidden', 'input', 1, '', '', ''),
(78, 'id_kind_training', '', 'hidden', 'input', 1, '', '', '');

-- --------------------------------------------------------

--
-- Table structure for table `training_direction`
--

CREATE TABLE `training_direction` (
  `id_training_direction` bigint(20) UNSIGNED NOT NULL,
  `title_direction` varchar(50) DEFAULT NULL
) ENGINE=InnoDB DEFAULT CHARSET=utf8;

--
-- Dumping data for table `training_direction`
--

INSERT INTO `training_direction` (`id_training_direction`, `title_direction`) VALUES
(1, 'Педагогика'),
(2, 'Специализация'),
(3, 'Управление в образовании'),
(4, NULL);

-- --------------------------------------------------------

--
-- Table structure for table `users`
--

CREATE TABLE `users` (
  `id` bigint(20) UNSIGNED NOT NULL,
  `usurname` varchar(50) DEFAULT NULL,
  `uname` varchar(50) DEFAULT NULL,
  `upatronomic` varchar(50) DEFAULT NULL,
  `phone` char(50) DEFAULT NULL,
  `mail` char(50) DEFAULT NULL,
  `login` char(50) DEFAULT NULL,
  `upassword` char(50) DEFAULT NULL
) ENGINE=InnoDB DEFAULT CHARSET=utf8;

--
-- Dumping data for table `users`
--

INSERT INTO `users` (`id`, `usurname`, `uname`, `upatronomic`, `phone`, `mail`, `login`, `upassword`) VALUES
(1, '', 'Администратор', '', '89642473626', 'yanguzelechka@mail.ru', 'admin', '006d2143154327a64d86a264aea225f3'),
(2, 'Сидорова', 'Наталья', 'Викторовна', '', '', 'n.sidorova', 'd8578edf8458ce06fbc5bb76a58c5ca4'),
(3, 'Федосеева', 'Юлия', 'Валерьевна', '', '', 'y.fedoseeva', '0695e7d0d60117b21c6e2f8d3f765970'),
(4, 'Админ 2', NULL, NULL, NULL, 'aqAS@hfgdj.ckjx', 'admin2', '006d2143154327a64d86a264aea225f3');

-- --------------------------------------------------------

--
-- Table structure for table `validation`
--

CREATE TABLE `validation` (
  `id_validation` bigint(20) UNSIGNED NOT NULL,
  `educator_id` bigint(20) UNSIGNED NOT NULL,
  `category_id` bigint(20) UNSIGNED NOT NULL,
  `certification_id` bigint(20) UNSIGNED NOT NULL,
  `date_validation` date NOT NULL,
  `num_order` varchar(20) NOT NULL,
  `commissioner1` bigint(20) UNSIGNED NOT NULL,
  `commissioner2` bigint(20) UNSIGNED NOT NULL,
  `commissioner3` bigint(20) UNSIGNED NOT NULL
) ENGINE=InnoDB DEFAULT CHARSET=utf8;

--
-- Dumping data for table `validation`
--

INSERT INTO `validation` (`id_validation`, `educator_id`, `category_id`, `certification_id`, `date_validation`, `num_order`, `commissioner1`, `commissioner2`, `commissioner3`) VALUES
(1, 4, 1, 1, '2008-04-05', '123', 7, 18, 41),
(2, 1, 0, 2, '2012-02-02', '234', 16, 84, 152),
(4, 199, 2, 2, '2013-04-18', '123', 151, 18, 158),
(5, 175, 1, 1, '2015-04-13', '6456', 201, 199, 200),
(6, 179, 2, 1, '2017-04-12', '142', 201, 199, 10),
(7, 201, 2, 1, '2017-04-06', '598549', 3, 5, 12);

--
-- Indexes for dumped tables
--

--
-- Indexes for table `academic_degree`
--
ALTER TABLE `academic_degree`
  ADD PRIMARY KEY (`id_academic`),
  ADD UNIQUE KEY `id_academic` (`id_academic`);

--
-- Indexes for table `academic_title`
--
ALTER TABLE `academic_title`
  ADD PRIMARY KEY (`id_academictitle`),
  ADD UNIQUE KEY `id_academictitle` (`id_academictitle`);

--
-- Indexes for table `category`
--
ALTER TABLE `category`
  ADD PRIMARY KEY (`id_category`),
  ADD UNIQUE KEY `id_category` (`id_category`);

--
-- Indexes for table `certification`
--
ALTER TABLE `certification`
  ADD PRIMARY KEY (`id_certification`),
  ADD UNIQUE KEY `id_certification` (`id_certification`);

--
-- Indexes for table `education`
--
ALTER TABLE `education`
  ADD PRIMARY KEY (`id_education`),
  ADD UNIQUE KEY `id_education` (`id_education`),
  ADD KEY `educator_id` (`educator_id`),
  ADD KEY `level_id` (`level_id`);

--
-- Indexes for table `educators`
--
ALTER TABLE `educators`
  ADD PRIMARY KEY (`id_educator`),
  ADD KEY `academic_id` (`academic_id`,`academictitle_id`,`post_id1`,`post_id2`,`office_id`,`pk_pck_id`,`status`),
  ADD KEY `Surname` (`Surname`),
  ADD KEY `academictitle_id` (`academictitle_id`),
  ADD KEY `post_id1` (`post_id1`),
  ADD KEY `post_id2` (`post_id2`),
  ADD KEY `office_id` (`office_id`),
  ADD KEY `pk_pck_id` (`pk_pck_id`);

--
-- Indexes for table `institution`
--
ALTER TABLE `institution`
  ADD PRIMARY KEY (`id_institution`),
  ADD UNIQUE KEY `id_institution` (`id_institution`);

--
-- Indexes for table `kind_training`
--
ALTER TABLE `kind_training`
  ADD PRIMARY KEY (`id_kind_training`),
  ADD UNIQUE KEY `id_kind_training` (`id_kind_training`);

--
-- Indexes for table `level_education`
--
ALTER TABLE `level_education`
  ADD PRIMARY KEY (`id_level`),
  ADD UNIQUE KEY `id_level` (`id_level`);

--
-- Indexes for table `office`
--
ALTER TABLE `office`
  ADD PRIMARY KEY (`id_office`),
  ADD UNIQUE KEY `id_office` (`id_office`);

--
-- Indexes for table `pk`
--
ALTER TABLE `pk`
  ADD PRIMARY KEY (`id_pk`),
  ADD UNIQUE KEY `id_pk` (`id_pk`),
  ADD KEY `educator_id` (`educator_id`),
  ADD KEY `kind_tr_id` (`kind_tr_id`),
  ADD KEY `institution_id` (`institution_id`),
  ADD KEY `specialty_id` (`specialty_id`),
  ADD KEY `training_direction_id` (`training_direction_id`);

--
-- Indexes for table `pk_pck`
--
ALTER TABLE `pk_pck`
  ADD PRIMARY KEY (`id_PK_PCK`),
  ADD UNIQUE KEY `id_PK_PCK` (`id_PK_PCK`);

--
-- Indexes for table `post`
--
ALTER TABLE `post`
  ADD PRIMARY KEY (`id_post`),
  ADD UNIQUE KEY `id_post` (`id_post`);

--
-- Indexes for table `specialty`
--
ALTER TABLE `specialty`
  ADD PRIMARY KEY (`id_specialty`),
  ADD UNIQUE KEY `id_specialty` (`id_specialty`);

--
-- Indexes for table `tables`
--
ALTER TABLE `tables`
  ADD UNIQUE KEY `id` (`id`);

--
-- Indexes for table `training_direction`
--
ALTER TABLE `training_direction`
  ADD PRIMARY KEY (`id_training_direction`),
  ADD UNIQUE KEY `id_training_direction` (`id_training_direction`);

--
-- Indexes for table `users`
--
ALTER TABLE `users`
  ADD PRIMARY KEY (`id`),
  ADD UNIQUE KEY `id` (`id`);

--
-- Indexes for table `validation`
--
ALTER TABLE `validation`
  ADD PRIMARY KEY (`id_validation`),
  ADD UNIQUE KEY `id_validation` (`id_validation`),
  ADD KEY `certification_id` (`certification_id`),
  ADD KEY `category_id` (`category_id`),
  ADD KEY `educator_id` (`educator_id`),
  ADD KEY `category_id_2` (`category_id`),
  ADD KEY `educator_id_2` (`educator_id`),
  ADD KEY `educator_id_3` (`educator_id`),
  ADD KEY `commissioner1` (`commissioner1`),
  ADD KEY `commissioner2` (`commissioner2`),
  ADD KEY `commissioner3` (`commissioner3`);

--
-- AUTO_INCREMENT for dumped tables
--

--
-- AUTO_INCREMENT for table `academic_degree`
--
ALTER TABLE `academic_degree`
  MODIFY `id_academic` bigint(20) UNSIGNED NOT NULL AUTO_INCREMENT, AUTO_INCREMENT=9;

--
-- AUTO_INCREMENT for table `academic_title`
--
ALTER TABLE `academic_title`
  MODIFY `id_academictitle` bigint(20) UNSIGNED NOT NULL AUTO_INCREMENT, AUTO_INCREMENT=4;

--
-- AUTO_INCREMENT for table `category`
--
ALTER TABLE `category`
  MODIFY `id_category` bigint(20) UNSIGNED NOT NULL AUTO_INCREMENT, AUTO_INCREMENT=3;

--
-- AUTO_INCREMENT for table `certification`
--
ALTER TABLE `certification`
  MODIFY `id_certification` bigint(20) UNSIGNED NOT NULL AUTO_INCREMENT, AUTO_INCREMENT=3;

--
-- AUTO_INCREMENT for table `education`
--
ALTER TABLE `education`
  MODIFY `id_education` bigint(20) UNSIGNED NOT NULL AUTO_INCREMENT, AUTO_INCREMENT=4;

--
-- AUTO_INCREMENT for table `educators`
--
ALTER TABLE `educators`
  MODIFY `id_educator` bigint(20) UNSIGNED NOT NULL AUTO_INCREMENT, AUTO_INCREMENT=254;

--
-- AUTO_INCREMENT for table `institution`
--
ALTER TABLE `institution`
  MODIFY `id_institution` bigint(20) UNSIGNED NOT NULL AUTO_INCREMENT, AUTO_INCREMENT=41;

--
-- AUTO_INCREMENT for table `kind_training`
--
ALTER TABLE `kind_training`
  MODIFY `id_kind_training` bigint(20) UNSIGNED NOT NULL AUTO_INCREMENT, AUTO_INCREMENT=4;

--
-- AUTO_INCREMENT for table `level_education`
--
ALTER TABLE `level_education`
  MODIFY `id_level` bigint(20) UNSIGNED NOT NULL AUTO_INCREMENT, AUTO_INCREMENT=7;

--
-- AUTO_INCREMENT for table `office`
--
ALTER TABLE `office`
  MODIFY `id_office` bigint(20) UNSIGNED NOT NULL AUTO_INCREMENT, AUTO_INCREMENT=3;

--
-- AUTO_INCREMENT for table `pk`
--
ALTER TABLE `pk`
  MODIFY `id_pk` bigint(20) UNSIGNED NOT NULL AUTO_INCREMENT, AUTO_INCREMENT=406;

--
-- AUTO_INCREMENT for table `pk_pck`
--
ALTER TABLE `pk_pck`
  MODIFY `id_PK_PCK` bigint(20) UNSIGNED NOT NULL AUTO_INCREMENT, AUTO_INCREMENT=3;

--
-- AUTO_INCREMENT for table `post`
--
ALTER TABLE `post`
  MODIFY `id_post` bigint(20) UNSIGNED NOT NULL AUTO_INCREMENT, AUTO_INCREMENT=18;

--
-- AUTO_INCREMENT for table `specialty`
--
ALTER TABLE `specialty`
  MODIFY `id_specialty` bigint(20) UNSIGNED NOT NULL AUTO_INCREMENT, AUTO_INCREMENT=26;

--
-- AUTO_INCREMENT for table `tables`
--
ALTER TABLE `tables`
  MODIFY `id` bigint(20) UNSIGNED NOT NULL AUTO_INCREMENT, AUTO_INCREMENT=79;

--
-- AUTO_INCREMENT for table `training_direction`
--
ALTER TABLE `training_direction`
  MODIFY `id_training_direction` bigint(20) UNSIGNED NOT NULL AUTO_INCREMENT, AUTO_INCREMENT=5;

--
-- AUTO_INCREMENT for table `users`
--
ALTER TABLE `users`
  MODIFY `id` bigint(20) UNSIGNED NOT NULL AUTO_INCREMENT, AUTO_INCREMENT=5;

--
-- AUTO_INCREMENT for table `validation`
--
ALTER TABLE `validation`
  MODIFY `id_validation` bigint(20) UNSIGNED NOT NULL AUTO_INCREMENT, AUTO_INCREMENT=8;

--
-- Constraints for dumped tables
--

--
-- Constraints for table `education`
--
ALTER TABLE `education`
  ADD CONSTRAINT `education_ibfk_1` FOREIGN KEY (`level_id`) REFERENCES `level_education` (`id_level`) ON UPDATE CASCADE,
  ADD CONSTRAINT `education_ibfk_2` FOREIGN KEY (`educator_id`) REFERENCES `educators` (`id_educator`) ON UPDATE CASCADE;

--
-- Constraints for table `pk`
--
ALTER TABLE `pk`
  ADD CONSTRAINT `pk_ibfk_2` FOREIGN KEY (`kind_tr_id`) REFERENCES `kind_training` (`id_kind_training`) ON UPDATE CASCADE,
  ADD CONSTRAINT `pk_ibfk_3` FOREIGN KEY (`institution_id`) REFERENCES `institution` (`id_institution`) ON UPDATE CASCADE,
  ADD CONSTRAINT `pk_ibfk_4` FOREIGN KEY (`specialty_id`) REFERENCES `specialty` (`id_specialty`) ON UPDATE CASCADE,
  ADD CONSTRAINT `pk_ibfk_5` FOREIGN KEY (`training_direction_id`) REFERENCES `training_direction` (`id_training_direction`) ON UPDATE CASCADE,
  ADD CONSTRAINT `pk_ibfk_6` FOREIGN KEY (`educator_id`) REFERENCES `educators` (`id_educator`);
COMMIT;

/*!40101 SET CHARACTER_SET_CLIENT=@OLD_CHARACTER_SET_CLIENT */;
/*!40101 SET CHARACTER_SET_RESULTS=@OLD_CHARACTER_SET_RESULTS */;
/*!40101 SET COLLATION_CONNECTION=@OLD_COLLATION_CONNECTION */;
